[2026-10-02 16:51:49] 소재 15건 — 충분함 (기준 12)
인증: 로컬 설정 파일 사용
계정   : @voar_baby
팔로워 : 7  (팔로잉 25)
게시물 : 35
30일 도달 : 43
평균 저장 : 0
   - 2026-09-30 저장 0 · 도달 1 · 좋아요 0
   - 2026-09-29 저장 0 · 도달 2 · 좋아요 0
   - 2026-09-28 저장 0 · 도달 2 · 좋아요 0
   - 2026-09-27 저장 0 · 도달 2 · 좋아요 0
   - 2026-09-26 저장 0 · 도달 3 · 좋아요 0
   - 2026-09-25 저장 0 · 도달 2 · 좋아요 0
   - 2026-09-24 저장 0 · 도달 3 · 좋아요 0
   - 2026-09-23 저장 0 · 도달 2 · 좋아요 0
   - 2026-09-22 저장 0 · 도달 3 · 좋아요 0
   - 2026-09-21 저장 0 · 도달 4 · 좋아요 0

대시보드에 반영 완료.
인증: 로컬 설정 파일 사용
[2026-10-02 16:52:21] 발행 대상 없음
인증: 로컬 설정 파일 사용
[2026-10-02 16:55:01] 발행 대상 없음
인증: 로컬 설정 파일 사용
[2026-10-02 17:00:01] 발행 대상 없음
인증: 로컬 설정 파일 사용
[2026-10-02 17:05:01] 발행 대상 없음
인증: 로컬 설정 파일 사용
[2026-10-02 17:10:01] 발행 대상 없음
인증: 로컬 설정 파일 사용
[2026-10-02 17:15:01] 발행 대상 없음
인증: 로컬 설정 파일 사용
[2026-10-02 17:20:01] · 대기: 어린이집과 유치원은 뭐가 다른가요  → 2026-10-02 20:30
[2026-10-02 17:20:01] 발행 대상 없음
인증: 로컬 설정 파일 사용
[2026-10-02 17:25:01] · 대기: 백일의 기적은 정말 오나요  → 2026-10-05 20:30
[2026-10-02 17:25:01] · 대기: 아기 물, 언제부터 얼마나  → 2026-10-03 20:30
[2026-10-02 17:25:01] · 대기: 어린이집과 유치원은 뭐가 다른가요  → 2026-10-02 20:30
[2026-10-02 17:25:01] 발행 대상 없음
인증: 로컬 설정 파일 사용
[2026-10-02 17:30:01] · 대기: 백일의 기적은 정말 오나요  → 2026-10-05 20:30
[2026-10-02 17:30:01] · 대기: 아기 물, 언제부터 얼마나  → 2026-10-03 20:30
[2026-10-02 17:30:01] · 대기: 어린이집과 유치원은 뭐가 다른가요  → 2026-10-02 20:30
[2026-10-02 17:30:01] 발행 대상 없음
인증: 로컬 설정 파일 사용
[2026-10-06 08:35:04] 발행 대상 없음
[2026-10-06 08:39:44] 소재 12건 — 충분함 (기준 12)
인증: 로컬 설정 파일 사용
계정   : @voar_baby
팔로워 : 7  (팔로잉 25)
게시물 : 38
30일 도달 : 43
평균 저장 : 0
   - 2026-10-05 저장 0 · 도달 1 · 좋아요 0
   - 2026-10-03 저장 0 · 도달 3 · 좋아요 0
   - 2026-10-02 저장 0 · 도달 1 · 좋아요 1
   - 2026-09-30 저장 0 · 도달 1 · 좋아요 0
   - 2026-09-29 저장 0 · 도달 2 · 좋아요 0
   - 2026-09-28 저장 0 · 도달 2 · 좋아요 0
   - 2026-09-27 저장 0 · 도달 2 · 좋아요 0
   - 2026-09-26 저장 0 · 도달 3 · 좋아요 0
   - 2026-09-25 저장 0 · 도달 2 · 좋아요 0
   - 2026-09-24 저장 0 · 도달 3 · 좋아요 0

대시보드에 반영 완료.
인증: 로컬 설정 파일 사용
[2026-10-06 08:40:12] 발행 대상 없음
인증: 로컬 설정 파일 사용
[2026-10-06 08:45:00] 발행 대상 없음
인증: 로컬 설정 파일 사용
[2026-10-06 08:50:00] 발행 대상 없음
인증: 로컬 설정 파일 사용
[2026-10-06 08:55:00] 발행 대상 없음
인증: 로컬 설정 파일 사용
[2026-10-06 09:00:00] 발행 대상 없음
[2026-10-06 09:00:02] 소재 12건 — 충분함 (기준 12)
인증: 로컬 설정 파일 사용
[2026-10-06 09:05:00] 발행 대상 없음
인증: 로컬 설정 파일 사용
[2026-10-06 09:10:01] · 대기: 로션 바르는 타이밍 — 목욕 후 3분  → 2026-10-07 20:30
[2026-10-06 09:10:01] · 대기: 아이 실비보험 가입 시기  → 2026-10-08 20:30
[2026-10-06 09:10:01] · 대기: 초유가 안 나와도 괜찮은 이유  → 2026-10-09 20:30
[2026-10-06 09:10:01] · 대기: 침대에서 떨어졌을 때 관찰할 것  → 2026-10-10 20:30
[2026-10-06 09:10:01] · 대기: 진통 시작 신호와 병원 가는 타이밍  → 2026-10-11 20:30
[2026-10-06 09:10:01] · 대기: 신생아 체중이 안 늘 때 볼 것  → 2026-10-12 20:30
[2026-10-06 09:10:01] · 대기: 컵 연습 언제 시작하나요  → 2026-10-14 20:30
[2026-10-06 09:10:01] · 대기: 배꼽 소독 언제까지 하나요  → 2026-10-13 20:30
[2026-10-06 09:10:01] · 대기: 목욕 중 사고, 이 순간을 조심  → 2026-10-15 20:30
[2026-10-06 09:10:01] · 대기: 18개월 엄마껌딱지 (재접근기)  → 2026-10-06 20:30
[2026-10-06 09:10:01] 발행 대상 없음
인증: 로컬 설정 파일 사용
[2026-10-06 09:15:00] · 대기: 로션 바르는 타이밍 — 목욕 후 3분  → 2026-10-07 20:30
[2026-10-06 09:15:00] · 대기: 아이 실비보험 가입 시기  → 2026-10-08 20:30
[2026-10-06 09:15:00] · 대기: 초유가 안 나와도 괜찮은 이유  → 2026-10-09 20:30
[2026-10-06 09:15:00] · 대기: 침대에서 떨어졌을 때 관찰할 것  → 2026-10-10 20:30
[2026-10-06 09:15:00] · 대기: 진통 시작 신호와 병원 가는 타이밍  → 2026-10-11 20:30
[2026-10-06 09:15:00] · 대기: 신생아 체중이 안 늘 때 볼 것  → 2026-10-12 20:30
[2026-10-06 09:15:00] · 대기: 컵 연습 언제 시작하나요  → 2026-10-14 20:30
[2026-10-06 09:15:00] · 대기: 배꼽 소독 언제까지 하나요  → 2026-10-13 20:30
[2026-10-06 09:15:00] · 대기: 목욕 중 사고, 이 순간을 조심  → 2026-10-15 20:30
[2026-10-06 09:15:00] · 대기: “오늘 뭐 했어?”  → 2026-10-16 20:30
[2026-10-06 09:15:00] · 대기: 예방접종 증명서 발급받는 법  → 2026-10-17 20:30
[2026-10-06 09:15:00] · 대기: 아기 눈곱이 계속 낄 때  → 2026-10-18 20:30
[2026-10-06 09:15:00] · 대기: 아기 첫 신발 고르는 기준  → 2026-10-19 20:30
[2026-10-06 09:15:00] · 대기: 아기 열성경련, 그 순간 해야 할 것  → 2026-10-20 20:30
[2026-10-06 09:15:00] · 대기: 제왕절개 후 회복, 첫 일주일 순서  → 2026-10-21 20:30
[2026-10-06 09:15:00] · 대기: 편식 시작됐을 때 안 통하는 방법  → 2026-10-22 20:30
[2026-10-06 09:15:00] · 대기: 18개월 엄마껌딱지 (재접근기)  → 2026-10-06 20:30
[2026-10-06 09:15:00] 발행 대상 없음
인증: 로컬 설정 파일 사용
[2026-10-06 09:20:00] · 대기: 로션 바르는 타이밍 — 목욕 후 3분  → 2026-10-07 20:30
[2026-10-06 09:20:00] · 대기: 아이 실비보험 가입 시기  → 2026-10-08 20:30
[2026-10-06 09:20:00] · 대기: 초유가 안 나와도 괜찮은 이유  → 2026-10-09 20:30
[2026-10-06 09:20:00] · 대기: 침대에서 떨어졌을 때 관찰할 것  → 2026-10-10 20:30
[2026-10-06 09:20:00] · 대기: 진통 시작 신호와 병원 가는 타이밍  → 2026-10-11 20:30
[2026-10-06 09:20:00] · 대기: 신생아 체중이 안 늘 때 볼 것  → 2026-10-12 20:30
[2026-10-06 09:20:00] · 대기: 컵 연습 언제 시작하나요  → 2026-10-14 20:30
[2026-10-06 09:20:00] · 대기: 배꼽 소독 언제까지 하나요  → 2026-10-13 20:30
[2026-10-06 09:20:00] · 대기: 목욕 중 사고, 이 순간을 조심  → 2026-10-15 20:30
[2026-10-06 09:20:00] · 대기: “오늘 뭐 했어?”  → 2026-10-16 20:30
[2026-10-06 09:20:00] · 대기: 예방접종 증명서 발급받는 법  → 2026-10-17 20:30
[2026-10-06 09:20:00] · 대기: 아기 눈곱이 계속 낄 때  → 2026-10-18 20:30
[2026-10-06 09:20:00] · 대기: 아기 첫 신발 고르는 기준  → 2026-10-19 20:30
[2026-10-06 09:20:00] · 대기: 아기 열성경련, 그 순간 해야 할 것  → 2026-10-20 20:30
[2026-10-06 09:20:00] · 대기: 제왕절개 후 회복, 첫 일주일 순서  → 2026-10-21 20:30
[2026-10-06 09:20:00] · 대기: 편식 시작됐을 때 안 통하는 방법  → 2026-10-22 20:30
[2026-10-06 09:20:00] · 대기: 18개월 엄마껌딱지 (재접근기)  → 2026-10-06 20:30
[2026-10-06 09:20:00] 발행 대상 없음
인증: 로컬 설정 파일 사용
[2026-10-06 09:25:00] · 대기: 로션 바르는 타이밍 — 목욕 후 3분  → 2026-10-07 20:30
[2026-10-06 09:25:00] · 대기: 아이 실비보험 가입 시기  → 2026-10-08 20:30
[2026-10-06 09:25:00] · 대기: 초유가 안 나와도 괜찮은 이유  → 2026-10-09 20:30
[2026-10-06 09:25:00] · 대기: 침대에서 떨어졌을 때 관찰할 것  → 2026-10-10 20:30
[2026-10-06 09:25:00] · 대기: 진통 시작 신호와 병원 가는 타이밍  → 2026-10-11 20:30
[2026-10-06 09:25:00] · 대기: 신생아 체중이 안 늘 때 볼 것  → 2026-10-12 20:30
[2026-10-06 09:25:00] · 대기: 컵 연습 언제 시작하나요  → 2026-10-14 20:30
[2026-10-06 09:25:00] · 대기: 배꼽 소독 언제까지 하나요  → 2026-10-13 20:30
[2026-10-06 09:25:00] · 대기: 목욕 중 사고, 이 순간을 조심  → 2026-10-15 20:30
[2026-10-06 09:25:00] · 대기: “오늘 뭐 했어?”  → 2026-10-16 20:30
[2026-10-06 09:25:00] · 대기: 예방접종 증명서 발급받는 법  → 2026-10-17 20:30
[2026-10-06 09:25:00] · 대기: 아기 눈곱이 계속 낄 때  → 2026-10-18 20:30
[2026-10-06 09:25:00] · 대기: 아기 첫 신발 고르는 기준  → 2026-10-19 20:30
[2026-10-06 09:25:00] · 대기: 아기 열성경련, 그 순간 해야 할 것  → 2026-10-20 20:30
[2026-10-06 09:25:00] · 대기: 제왕절개 후 회복, 첫 일주일 순서  → 2026-10-21 20:30
[2026-10-06 09:25:00] · 대기: 편식 시작됐을 때 안 통하는 방법  → 2026-10-22 20:30
[2026-10-06 09:25:00] · 대기: 18개월 엄마껌딱지 (재접근기)  → 2026-10-06 20:30
[2026-10-06 09:25:00] 발행 대상 없음
인증: 로컬 설정 파일 사용
[2026-10-06 09:30:00] · 대기: 로션 바르는 타이밍 — 목욕 후 3분  → 2026-10-07 20:30
[2026-10-06 09:30:00] · 대기: 아이 실비보험 가입 시기  → 2026-10-08 20:30
[2026-10-06 09:30:00] · 대기: 초유가 안 나와도 괜찮은 이유  → 2026-10-09 20:30
[2026-10-06 09:30:00] · 대기: 침대에서 떨어졌을 때 관찰할 것  → 2026-10-10 20:30
[2026-10-06 09:30:00] · 대기: 진통 시작 신호와 병원 가는 타이밍  → 2026-10-11 20:30
[2026-10-06 09:30:00] · 대기: 신생아 체중이 안 늘 때 볼 것  → 2026-10-12 20:30
[2026-10-06 09:30:00] · 대기: 컵 연습 언제 시작하나요  → 2026-10-14 20:30
[2026-10-06 09:30:00] · 대기: 배꼽 소독 언제까지 하나요  → 2026-10-13 20:30
[2026-10-06 09:30:00] · 대기: 목욕 중 사고, 이 순간을 조심  → 2026-10-15 20:30
[2026-10-06 09:30:00] · 대기: “오늘 뭐 했어?”  → 2026-10-16 20:30
[2026-10-06 09:30:00] · 대기: 예방접종 증명서 발급받는 법  → 2026-10-17 20:30
[2026-10-06 09:30:00] · 대기: 아기 눈곱이 계속 낄 때  → 2026-10-18 20:30
[2026-10-06 09:30:00] · 대기: 아기 첫 신발 고르는 기준  → 2026-10-19 20:30
[2026-10-06 09:30:00] · 대기: 아기 열성경련, 그 순간 해야 할 것  → 2026-10-20 20:30
[2026-10-06 09:30:00] · 대기: 제왕절개 후 회복, 첫 일주일 순서  → 2026-10-21 20:30
[2026-10-06 09:30:00] · 대기: 편식 시작됐을 때 안 통하는 방법  → 2026-10-22 20:30
[2026-10-06 09:30:00] · 대기: 18개월 엄마껌딱지 (재접근기)  → 2026-10-06 20:30
[2026-10-06 09:30:00] 발행 대상 없음
인증: 로컬 설정 파일 사용
[2026-10-06 09:35:01] · 대기: 로션 바르는 타이밍 — 목욕 후 3분  → 2026-10-07 20:30
[2026-10-06 09:35:01] · 대기: 아이 실비보험 가입 시기  → 2026-10-08 20:30
[2026-10-06 09:35:01] · 대기: 초유가 안 나와도 괜찮은 이유  → 2026-10-09 20:30
[2026-10-06 09:35:01] · 대기: 침대에서 떨어졌을 때 관찰할 것  → 2026-10-10 20:30
[2026-10-06 09:35:01] · 대기: 진통 시작 신호와 병원 가는 타이밍  → 2026-10-11 20:30
[2026-10-06 09:35:01] · 대기: 신생아 체중이 안 늘 때 볼 것  → 2026-10-12 20:30
[2026-10-06 09:35:01] · 대기: 컵 연습 언제 시작하나요  → 2026-10-14 20:30
[2026-10-06 09:35:01] · 대기: 배꼽 소독 언제까지 하나요  → 2026-10-13 20:30
[2026-10-06 09:35:01] · 대기: 목욕 중 사고, 이 순간을 조심  → 2026-10-15 20:30
[2026-10-06 09:35:01] · 대기: “오늘 뭐 했어?”  → 2026-10-16 20:30
[2026-10-06 09:35:01] · 대기: 예방접종 증명서 발급받는 법  → 2026-10-17 20:30
[2026-10-06 09:35:01] · 대기: 아기 눈곱이 계속 낄 때  → 2026-10-18 20:30
[2026-10-06 09:35:01] · 대기: 아기 첫 신발 고르는 기준  → 2026-10-19 20:30
[2026-10-06 09:35:01] · 대기: 아기 열성경련, 그 순간 해야 할 것  → 2026-10-20 20:30
[2026-10-06 09:35:01] · 대기: 제왕절개 후 회복, 첫 일주일 순서  → 2026-10-21 20:30
[2026-10-06 09:35:01] · 대기: 편식 시작됐을 때 안 통하는 방법  → 2026-10-22 20:30
[2026-10-06 09:35:01] · 대기: 18개월 엄마껌딱지 (재접근기)  → 2026-10-06 20:30
[2026-10-06 09:35:01] 발행 대상 없음
인증: 로컬 설정 파일 사용
[2026-10-06 09:40:00] · 대기: 로션 바르는 타이밍 — 목욕 후 3분  → 2026-10-07 20:30
[2026-10-06 09:40:00] · 대기: 아이 실비보험 가입 시기  → 2026-10-08 20:30
[2026-10-06 09:40:00] · 대기: 초유가 안 나와도 괜찮은 이유  → 2026-10-09 20:30
[2026-10-06 09:40:00] · 대기: 침대에서 떨어졌을 때 관찰할 것  → 2026-10-10 20:30
[2026-10-06 09:40:00] · 대기: 진통 시작 신호와 병원 가는 타이밍  → 2026-10-11 20:30
[2026-10-06 09:40:00] · 대기: 신생아 체중이 안 늘 때 볼 것  → 2026-10-12 20:30
[2026-10-06 09:40:00] · 대기: 컵 연습 언제 시작하나요  → 2026-10-14 20:30
[2026-10-06 09:40:00] · 대기: 배꼽 소독 언제까지 하나요  → 2026-10-13 20:30
[2026-10-06 09:40:00] · 대기: 목욕 중 사고, 이 순간을 조심  → 2026-10-15 20:30
[2026-10-06 09:40:00] · 대기: “오늘 뭐 했어?”  → 2026-10-16 20:30
[2026-10-06 09:40:00] · 대기: 예방접종 증명서 발급받는 법  → 2026-10-17 20:30
[2026-10-06 09:40:00] · 대기: 아기 눈곱이 계속 낄 때  → 2026-10-18 20:30
[2026-10-06 09:40:00] · 대기: 아기 첫 신발 고르는 기준  → 2026-10-19 20:30
[2026-10-06 09:40:00] · 대기: 아기 열성경련, 그 순간 해야 할 것  → 2026-10-20 20:30
[2026-10-06 09:40:00] · 대기: 제왕절개 후 회복, 첫 일주일 순서  → 2026-10-21 20:30
[2026-10-06 09:40:00] · 대기: 편식 시작됐을 때 안 통하는 방법  → 2026-10-22 20:30
[2026-10-06 09:40:00] · 대기: 18개월 엄마껌딱지 (재접근기)  → 2026-10-06 20:30
[2026-10-06 09:40:00] 발행 대상 없음
인증: 로컬 설정 파일 사용
[2026-10-06 09:45:01] · 대기: 로션 바르는 타이밍 — 목욕 후 3분  → 2026-10-07 20:30
[2026-10-06 09:45:01] · 대기: 아이 실비보험 가입 시기  → 2026-10-08 20:30
[2026-10-06 09:45:01] · 대기: 초유가 안 나와도 괜찮은 이유  → 2026-10-09 20:30
[2026-10-06 09:45:01] · 대기: 침대에서 떨어졌을 때 관찰할 것  → 2026-10-10 20:30
[2026-10-06 09:45:01] · 대기: 진통 시작 신호와 병원 가는 타이밍  → 2026-10-11 20:30
[2026-10-06 09:45:01] · 대기: 신생아 체중이 안 늘 때 볼 것  → 2026-10-12 20:30
[2026-10-06 09:45:01] · 대기: 컵 연습 언제 시작하나요  → 2026-10-14 20:30
[2026-10-06 09:45:01] · 대기: 배꼽 소독 언제까지 하나요  → 2026-10-13 20:30
[2026-10-06 09:45:01] · 대기: 목욕 중 사고, 이 순간을 조심  → 2026-10-15 20:30
[2026-10-06 09:45:01] · 대기: “오늘 뭐 했어?”  → 2026-10-16 20:30
[2026-10-06 09:45:01] · 대기: 예방접종 증명서 발급받는 법  → 2026-10-17 20:30
[2026-10-06 09:45:01] · 대기: 아기 눈곱이 계속 낄 때  → 2026-10-18 20:30
[2026-10-06 09:45:01] · 대기: 아기 첫 신발 고르는 기준  → 2026-10-19 20:30
[2026-10-06 09:45:01] · 대기: 아기 열성경련, 그 순간 해야 할 것  → 2026-10-20 20:30
[2026-10-06 09:45:01] · 대기: 제왕절개 후 회복, 첫 일주일 순서  → 2026-10-21 20:30
[2026-10-06 09:45:01] · 대기: 편식 시작됐을 때 안 통하는 방법  → 2026-10-22 20:30
[2026-10-06 09:45:01] · 대기: 18개월 엄마껌딱지 (재접근기)  → 2026-10-06 20:30
[2026-10-06 09:45:01] 발행 대상 없음
인증: 로컬 설정 파일 사용
[2026-10-06 09:50:00] · 대기: 로션 바르는 타이밍 — 목욕 후 3분  → 2026-10-07 20:30
[2026-10-06 09:50:00] · 대기: 아이 실비보험 가입 시기  → 2026-10-08 20:30
[2026-10-06 09:50:00] · 대기: 초유가 안 나와도 괜찮은 이유  → 2026-10-09 20:30
[2026-10-06 09:50:00] · 대기: 침대에서 떨어졌을 때 관찰할 것  → 2026-10-10 20:30
[2026-10-06 09:50:00] · 대기: 진통 시작 신호와 병원 가는 타이밍  → 2026-10-11 20:30
[2026-10-06 09:50:00] · 대기: 신생아 체중이 안 늘 때 볼 것  → 2026-10-12 20:30
[2026-10-06 09:50:00] · 대기: 컵 연습 언제 시작하나요  → 2026-10-14 20:30
[2026-10-06 09:50:00] · 대기: 배꼽 소독 언제까지 하나요  → 2026-10-13 20:30
[2026-10-06 09:50:00] · 대기: 목욕 중 사고, 이 순간을 조심  → 2026-10-15 20:30
[2026-10-06 09:50:00] · 대기: “오늘 뭐 했어?”  → 2026-10-16 20:30
[2026-10-06 09:50:00] · 대기: 예방접종 증명서 발급받는 법  → 2026-10-17 20:30
[2026-10-06 09:50:00] · 대기: 아기 눈곱이 계속 낄 때  → 2026-10-18 20:30
[2026-10-06 09:50:00] · 대기: 아기 첫 신발 고르는 기준  → 2026-10-19 20:30
[2026-10-06 09:50:00] · 대기: 아기 열성경련, 그 순간 해야 할 것  → 2026-10-20 20:30
[2026-10-06 09:50:00] · 대기: 제왕절개 후 회복, 첫 일주일 순서  → 2026-10-21 20:30
[2026-10-06 09:50:00] · 대기: 편식 시작됐을 때 안 통하는 방법  → 2026-10-22 20:30
[2026-10-06 09:50:00] · 대기: 18개월 엄마껌딱지 (재접근기)  → 2026-10-06 20:30
[2026-10-06 09:50:00] 발행 대상 없음
인증: 로컬 설정 파일 사용
[2026-10-06 09:55:00] · 대기: 로션 바르는 타이밍 — 목욕 후 3분  → 2026-10-07 20:30
[2026-10-06 09:55:00] · 대기: 아이 실비보험 가입 시기  → 2026-10-08 20:30
[2026-10-06 09:55:00] · 대기: 초유가 안 나와도 괜찮은 이유  → 2026-10-09 20:30
[2026-10-06 09:55:00] · 대기: 침대에서 떨어졌을 때 관찰할 것  → 2026-10-10 20:30
[2026-10-06 09:55:00] · 대기: 진통 시작 신호와 병원 가는 타이밍  → 2026-10-11 20:30
[2026-10-06 09:55:00] · 대기: 신생아 체중이 안 늘 때 볼 것  → 2026-10-12 20:30
[2026-10-06 09:55:00] · 대기: 컵 연습 언제 시작하나요  → 2026-10-14 20:30
[2026-10-06 09:55:00] · 대기: 배꼽 소독 언제까지 하나요  → 2026-10-13 20:30
[2026-10-06 09:55:00] · 대기: 목욕 중 사고, 이 순간을 조심  → 2026-10-15 20:30
[2026-10-06 09:55:00] · 대기: “오늘 뭐 했어?”  → 2026-10-16 20:30
[2026-10-06 09:55:00] · 대기: 예방접종 증명서 발급받는 법  → 2026-10-17 20:30
[2026-10-06 09:55:00] · 대기: 아기 눈곱이 계속 낄 때  → 2026-10-18 20:30
[2026-10-06 09:55:00] · 대기: 아기 첫 신발 고르는 기준  → 2026-10-19 20:30
[2026-10-06 09:55:00] · 대기: 아기 열성경련, 그 순간 해야 할 것  → 2026-10-20 20:30
[2026-10-06 09:55:00] · 대기: 제왕절개 후 회복, 첫 일주일 순서  → 2026-10-21 20:30
[2026-10-06 09:55:00] · 대기: 편식 시작됐을 때 안 통하는 방법  → 2026-10-22 20:30
[2026-10-06 09:55:00] · 대기: 18개월 엄마껌딱지 (재접근기)  → 2026-10-06 20:30
[2026-10-06 09:55:00] 발행 대상 없음
인증: 로컬 설정 파일 사용
[2026-10-06 10:00:00] · 대기: 로션 바르는 타이밍 — 목욕 후 3분  → 2026-10-07 20:30
[2026-10-06 10:00:00] · 대기: 아이 실비보험 가입 시기  → 2026-10-08 20:30
[2026-10-06 10:00:00] · 대기: 초유가 안 나와도 괜찮은 이유  → 2026-10-09 20:30
[2026-10-06 10:00:00] · 대기: 침대에서 떨어졌을 때 관찰할 것  → 2026-10-10 20:30
[2026-10-06 10:00:00] · 대기: 진통 시작 신호와 병원 가는 타이밍  → 2026-10-11 20:30
[2026-10-06 10:00:00] · 대기: 신생아 체중이 안 늘 때 볼 것  → 2026-10-12 20:30
[2026-10-06 10:00:00] · 대기: 컵 연습 언제 시작하나요  → 2026-10-14 20:30
[2026-10-06 10:00:00] · 대기: 배꼽 소독 언제까지 하나요  → 2026-10-13 20:30
[2026-10-06 10:00:00] · 대기: 목욕 중 사고, 이 순간을 조심  → 2026-10-15 20:30
[2026-10-06 10:00:00] · 대기: “오늘 뭐 했어?”  → 2026-10-16 20:30
[2026-10-06 10:00:00] · 대기: 예방접종 증명서 발급받는 법  → 2026-10-17 20:30
[2026-10-06 10:00:00] · 대기: 아기 눈곱이 계속 낄 때  → 2026-10-18 20:30
[2026-10-06 10:00:00] · 대기: 아기 첫 신발 고르는 기준  → 2026-10-19 20:30
[2026-10-06 10:00:00] · 대기: 아기 열성경련, 그 순간 해야 할 것  → 2026-10-20 20:30
[2026-10-06 10:00:00] · 대기: 제왕절개 후 회복, 첫 일주일 순서  → 2026-10-21 20:30
[2026-10-06 10:00:00] · 대기: 편식 시작됐을 때 안 통하는 방법  → 2026-10-22 20:30
[2026-10-06 10:00:00] · 대기: 18개월 엄마껌딱지 (재접근기)  → 2026-10-06 20:30
[2026-10-06 10:00:00] 발행 대상 없음
인증: 로컬 설정 파일 사용
[2026-10-06 10:05:00] · 대기: 로션 바르는 타이밍 — 목욕 후 3분  → 2026-10-07 20:30
[2026-10-06 10:05:00] · 대기: 아이 실비보험 가입 시기  → 2026-10-08 20:30
[2026-10-06 10:05:00] · 대기: 초유가 안 나와도 괜찮은 이유  → 2026-10-09 20:30
[2026-10-06 10:05:00] · 대기: 침대에서 떨어졌을 때 관찰할 것  → 2026-10-10 20:30
[2026-10-06 10:05:00] · 대기: 진통 시작 신호와 병원 가는 타이밍  → 2026-10-11 20:30
[2026-10-06 10:05:00] · 대기: 신생아 체중이 안 늘 때 볼 것  → 2026-10-12 20:30
[2026-10-06 10:05:00] · 대기: 컵 연습 언제 시작하나요  → 2026-10-14 20:30
[2026-10-06 10:05:00] · 대기: 배꼽 소독 언제까지 하나요  → 2026-10-13 20:30
[2026-10-06 10:05:00] · 대기: 목욕 중 사고, 이 순간을 조심  → 2026-10-15 20:30
[2026-10-06 10:05:00] · 대기: “오늘 뭐 했어?”  → 2026-10-16 20:30
[2026-10-06 10:05:00] · 대기: 예방접종 증명서 발급받는 법  → 2026-10-17 20:30
[2026-10-06 10:05:00] · 대기: 아기 눈곱이 계속 낄 때  → 2026-10-18 20:30
[2026-10-06 10:05:00] · 대기: 아기 첫 신발 고르는 기준  → 2026-10-19 20:30
[2026-10-06 10:05:00] · 대기: 아기 열성경련, 그 순간 해야 할 것  → 2026-10-20 20:30
[2026-10-06 10:05:00] · 대기: 제왕절개 후 회복, 첫 일주일 순서  → 2026-10-21 20:30
[2026-10-06 10:05:00] · 대기: 편식 시작됐을 때 안 통하는 방법  → 2026-10-22 20:30
[2026-10-06 10:05:00] · 대기: 18개월 엄마껌딱지 (재접근기)  → 2026-10-06 20:30
[2026-10-06 10:05:00] 발행 대상 없음
인증: 로컬 설정 파일 사용
[2026-10-06 10:10:01] · 대기: 로션 바르는 타이밍 — 목욕 후 3분  → 2026-10-07 20:30
[2026-10-06 10:10:01] · 대기: 아이 실비보험 가입 시기  → 2026-10-08 20:30
[2026-10-06 10:10:01] · 대기: 초유가 안 나와도 괜찮은 이유  → 2026-10-09 20:30
[2026-10-06 10:10:01] · 대기: 침대에서 떨어졌을 때 관찰할 것  → 2026-10-10 20:30
[2026-10-06 10:10:01] · 대기: 진통 시작 신호와 병원 가는 타이밍  → 2026-10-11 20:30
[2026-10-06 10:10:01] · 대기: 신생아 체중이 안 늘 때 볼 것  → 2026-10-12 20:30
[2026-10-06 10:10:01] · 대기: 컵 연습 언제 시작하나요  → 2026-10-14 20:30
[2026-10-06 10:10:01] · 대기: 배꼽 소독 언제까지 하나요  → 2026-10-13 20:30
[2026-10-06 10:10:01] · 대기: 목욕 중 사고, 이 순간을 조심  → 2026-10-15 20:30
[2026-10-06 10:10:01] · 대기: “오늘 뭐 했어?”  → 2026-10-16 20:30
[2026-10-06 10:10:01] · 대기: 예방접종 증명서 발급받는 법  → 2026-10-17 20:30
[2026-10-06 10:10:01] · 대기: 아기 눈곱이 계속 낄 때  → 2026-10-18 20:30
[2026-10-06 10:10:01] · 대기: 아기 첫 신발 고르는 기준  → 2026-10-19 20:30
[2026-10-06 10:10:01] · 대기: 아기 열성경련, 그 순간 해야 할 것  → 2026-10-20 20:30
[2026-10-06 10:10:01] · 대기: 제왕절개 후 회복, 첫 일주일 순서  → 2026-10-21 20:30
[2026-10-06 10:10:01] · 대기: 편식 시작됐을 때 안 통하는 방법  → 2026-10-22 20:30
[2026-10-06 10:10:01] · 대기: 18개월 엄마껌딱지 (재접근기)  → 2026-10-06 20:30
[2026-10-06 10:10:01] 발행 대상 없음
인증: 로컬 설정 파일 사용
[2026-10-06 10:15:01] · 대기: 로션 바르는 타이밍 — 목욕 후 3분  → 2026-10-07 20:30
[2026-10-06 10:15:01] · 대기: 아이 실비보험 가입 시기  → 2026-10-08 20:30
[2026-10-06 10:15:01] · 대기: 초유가 안 나와도 괜찮은 이유  → 2026-10-09 20:30
[2026-10-06 10:15:01] · 대기: 침대에서 떨어졌을 때 관찰할 것  → 2026-10-10 20:30
[2026-10-06 10:15:01] · 대기: 진통 시작 신호와 병원 가는 타이밍  → 2026-10-11 20:30
[2026-10-06 10:15:01] · 대기: 신생아 체중이 안 늘 때 볼 것  → 2026-10-12 20:30
[2026-10-06 10:15:01] · 대기: 컵 연습 언제 시작하나요  → 2026-10-14 20:30
[2026-10-06 10:15:01] · 대기: 배꼽 소독 언제까지 하나요  → 2026-10-13 20:30
[2026-10-06 10:15:01] · 대기: 목욕 중 사고, 이 순간을 조심  → 2026-10-15 20:30
[2026-10-06 10:15:01] · 대기: “오늘 뭐 했어?”  → 2026-10-16 20:30
[2026-10-06 10:15:01] · 대기: 예방접종 증명서 발급받는 법  → 2026-10-17 20:30
[2026-10-06 10:15:01] · 대기: 아기 눈곱이 계속 낄 때  → 2026-10-18 20:30
[2026-10-06 10:15:01] · 대기: 아기 첫 신발 고르는 기준  → 2026-10-19 20:30
[2026-10-06 10:15:01] · 대기: 아기 열성경련, 그 순간 해야 할 것  → 2026-10-20 20:30
[2026-10-06 10:15:01] · 대기: 제왕절개 후 회복, 첫 일주일 순서  → 2026-10-21 20:30
[2026-10-06 10:15:01] · 대기: 편식 시작됐을 때 안 통하는 방법  → 2026-10-22 20:30
[2026-10-06 10:15:01] · 대기: 18개월 엄마껌딱지 (재접근기)  → 2026-10-06 20:30
[2026-10-06 10:15:01] 발행 대상 없음
인증: 로컬 설정 파일 사용
[2026-10-06 10:20:01] · 대기: 로션 바르는 타이밍 — 목욕 후 3분  → 2026-10-07 20:30
[2026-10-06 10:20:01] · 대기: 아이 실비보험 가입 시기  → 2026-10-08 20:30
[2026-10-06 10:20:01] · 대기: 초유가 안 나와도 괜찮은 이유  → 2026-10-09 20:30
[2026-10-06 10:20:01] · 대기: 침대에서 떨어졌을 때 관찰할 것  → 2026-10-10 20:30
[2026-10-06 10:20:01] · 대기: 진통 시작 신호와 병원 가는 타이밍  → 2026-10-11 20:30
[2026-10-06 10:20:01] · 대기: 신생아 체중이 안 늘 때 볼 것  → 2026-10-12 20:30
[2026-10-06 10:20:01] · 대기: 컵 연습 언제 시작하나요  → 2026-10-14 20:30
[2026-10-06 10:20:01] · 대기: 배꼽 소독 언제까지 하나요  → 2026-10-13 20:30
[2026-10-06 10:20:01] · 대기: 목욕 중 사고, 이 순간을 조심  → 2026-10-15 20:30
[2026-10-06 10:20:01] · 대기: “오늘 뭐 했어?”  → 2026-10-16 20:30
[2026-10-06 10:20:01] · 대기: 예방접종 증명서 발급받는 법  → 2026-10-17 20:30
[2026-10-06 10:20:01] · 대기: 아기 눈곱이 계속 낄 때  → 2026-10-18 20:30
[2026-10-06 10:20:01] · 대기: 아기 첫 신발 고르는 기준  → 2026-10-19 20:30
[2026-10-06 10:20:01] · 대기: 아기 열성경련, 그 순간 해야 할 것  → 2026-10-20 20:30
[2026-10-06 10:20:01] · 대기: 제왕절개 후 회복, 첫 일주일 순서  → 2026-10-21 20:30
[2026-10-06 10:20:01] · 대기: 편식 시작됐을 때 안 통하는 방법  → 2026-10-22 20:30
[2026-10-06 10:20:01] · 대기: 18개월 엄마껌딱지 (재접근기)  → 2026-10-06 20:30
[2026-10-06 10:20:01] 발행 대상 없음
인증: 로컬 설정 파일 사용
[2026-10-06 10:25:01] · 대기: 로션 바르는 타이밍 — 목욕 후 3분  → 2026-10-07 20:30
[2026-10-06 10:25:01] · 대기: 아이 실비보험 가입 시기  → 2026-10-08 20:30
[2026-10-06 10:25:01] · 대기: 초유가 안 나와도 괜찮은 이유  → 2026-10-09 20:30
[2026-10-06 10:25:01] · 대기: 침대에서 떨어졌을 때 관찰할 것  → 2026-10-10 20:30
[2026-10-06 10:25:01] · 대기: 진통 시작 신호와 병원 가는 타이밍  → 2026-10-11 20:30
[2026-10-06 10:25:01] · 대기: 신생아 체중이 안 늘 때 볼 것  → 2026-10-12 20:30
[2026-10-06 10:25:01] · 대기: 컵 연습 언제 시작하나요  → 2026-10-14 20:30
[2026-10-06 10:25:01] · 대기: 배꼽 소독 언제까지 하나요  → 2026-10-13 20:30
[2026-10-06 10:25:01] · 대기: 목욕 중 사고, 이 순간을 조심  → 2026-10-15 20:30
[2026-10-06 10:25:01] · 대기: “오늘 뭐 했어?”  → 2026-10-16 20:30
[2026-10-06 10:25:01] · 대기: 예방접종 증명서 발급받는 법  → 2026-10-17 20:30
[2026-10-06 10:25:01] · 대기: 아기 눈곱이 계속 낄 때  → 2026-10-18 20:30
[2026-10-06 10:25:01] · 대기: 아기 첫 신발 고르는 기준  → 2026-10-19 20:30
[2026-10-06 10:25:01] · 대기: 아기 열성경련, 그 순간 해야 할 것  → 2026-10-20 20:30
[2026-10-06 10:25:01] · 대기: 제왕절개 후 회복, 첫 일주일 순서  → 2026-10-21 20:30
[2026-10-06 10:25:01] · 대기: 편식 시작됐을 때 안 통하는 방법  → 2026-10-22 20:30
[2026-10-06 10:25:01] · 대기: 18개월 엄마껌딱지 (재접근기)  → 2026-10-06 20:30
[2026-10-06 10:25:01] 발행 대상 없음
인증: 로컬 설정 파일 사용
[2026-10-06 10:30:01] · 대기: 로션 바르는 타이밍 — 목욕 후 3분  → 2026-10-07 20:30
[2026-10-06 10:30:01] · 대기: 아이 실비보험 가입 시기  → 2026-10-08 20:30
[2026-10-06 10:30:01] · 대기: 초유가 안 나와도 괜찮은 이유  → 2026-10-09 20:30
[2026-10-06 10:30:01] · 대기: 침대에서 떨어졌을 때 관찰할 것  → 2026-10-10 20:30
[2026-10-06 10:30:01] · 대기: 진통 시작 신호와 병원 가는 타이밍  → 2026-10-11 20:30
[2026-10-06 10:30:01] · 대기: 신생아 체중이 안 늘 때 볼 것  → 2026-10-12 20:30
[2026-10-06 10:30:01] · 대기: 컵 연습 언제 시작하나요  → 2026-10-14 20:30
[2026-10-06 10:30:01] · 대기: 배꼽 소독 언제까지 하나요  → 2026-10-13 20:30
[2026-10-06 10:30:01] · 대기: 목욕 중 사고, 이 순간을 조심  → 2026-10-15 20:30
[2026-10-06 10:30:01] · 대기: “오늘 뭐 했어?”  → 2026-10-16 20:30
[2026-10-06 10:30:01] · 대기: 예방접종 증명서 발급받는 법  → 2026-10-17 20:30
[2026-10-06 10:30:01] · 대기: 아기 눈곱이 계속 낄 때  → 2026-10-18 20:30
[2026-10-06 10:30:01] · 대기: 아기 첫 신발 고르는 기준  → 2026-10-19 20:30
[2026-10-06 10:30:01] · 대기: 아기 열성경련, 그 순간 해야 할 것  → 2026-10-20 20:30
[2026-10-06 10:30:01] · 대기: 제왕절개 후 회복, 첫 일주일 순서  → 2026-10-21 20:30
[2026-10-06 10:30:01] · 대기: 편식 시작됐을 때 안 통하는 방법  → 2026-10-22 20:30
[2026-10-06 10:30:01] · 대기: 18개월 엄마껌딱지 (재접근기)  → 2026-10-06 20:30
[2026-10-06 10:30:01] 발행 대상 없음
인증: 로컬 설정 파일 사용
[2026-10-06 10:35:01] · 대기: 로션 바르는 타이밍 — 목욕 후 3분  → 2026-10-07 20:30
[2026-10-06 10:35:01] · 대기: 아이 실비보험 가입 시기  → 2026-10-08 20:30
[2026-10-06 10:35:01] · 대기: 초유가 안 나와도 괜찮은 이유  → 2026-10-09 20:30
[2026-10-06 10:35:01] · 대기: 침대에서 떨어졌을 때 관찰할 것  → 2026-10-10 20:30
[2026-10-06 10:35:01] · 대기: 진통 시작 신호와 병원 가는 타이밍  → 2026-10-11 20:30
[2026-10-06 10:35:01] · 대기: 신생아 체중이 안 늘 때 볼 것  → 2026-10-12 20:30
[2026-10-06 10:35:01] · 대기: 컵 연습 언제 시작하나요  → 2026-10-14 20:30
[2026-10-06 10:35:01] · 대기: 배꼽 소독 언제까지 하나요  → 2026-10-13 20:30
[2026-10-06 10:35:01] · 대기: 목욕 중 사고, 이 순간을 조심  → 2026-10-15 20:30
[2026-10-06 10:35:01] · 대기: “오늘 뭐 했어?”  → 2026-10-16 20:30
[2026-10-06 10:35:01] · 대기: 예방접종 증명서 발급받는 법  → 2026-10-17 20:30
[2026-10-06 10:35:01] · 대기: 아기 눈곱이 계속 낄 때  → 2026-10-18 20:30
[2026-10-06 10:35:01] · 대기: 아기 첫 신발 고르는 기준  → 2026-10-19 20:30
[2026-10-06 10:35:01] · 대기: 아기 열성경련, 그 순간 해야 할 것  → 2026-10-20 20:30
[2026-10-06 10:35:01] · 대기: 제왕절개 후 회복, 첫 일주일 순서  → 2026-10-21 20:30
[2026-10-06 10:35:01] · 대기: 편식 시작됐을 때 안 통하는 방법  → 2026-10-22 20:30
[2026-10-06 10:35:01] · 대기: 18개월 엄마껌딱지 (재접근기)  → 2026-10-06 20:30
[2026-10-06 10:35:01] 발행 대상 없음
인증: 로컬 설정 파일 사용
[2026-10-06 10:40:01] · 대기: 로션 바르는 타이밍 — 목욕 후 3분  → 2026-10-07 20:30
[2026-10-06 10:40:01] · 대기: 아이 실비보험 가입 시기  → 2026-10-08 20:30
[2026-10-06 10:40:01] · 대기: 초유가 안 나와도 괜찮은 이유  → 2026-10-09 20:30
[2026-10-06 10:40:01] · 대기: 침대에서 떨어졌을 때 관찰할 것  → 2026-10-10 20:30
[2026-10-06 10:40:01] · 대기: 진통 시작 신호와 병원 가는 타이밍  → 2026-10-11 20:30
[2026-10-06 10:40:01] · 대기: 신생아 체중이 안 늘 때 볼 것  → 2026-10-12 20:30
[2026-10-06 10:40:01] · 대기: 컵 연습 언제 시작하나요  → 2026-10-14 20:30
[2026-10-06 10:40:01] · 대기: 배꼽 소독 언제까지 하나요  → 2026-10-13 20:30
[2026-10-06 10:40:01] · 대기: 목욕 중 사고, 이 순간을 조심  → 2026-10-15 20:30
[2026-10-06 10:40:01] · 대기: “오늘 뭐 했어?”  → 2026-10-16 20:30
[2026-10-06 10:40:01] · 대기: 예방접종 증명서 발급받는 법  → 2026-10-17 20:30
[2026-10-06 10:40:01] · 대기: 아기 눈곱이 계속 낄 때  → 2026-10-18 20:30
[2026-10-06 10:40:01] · 대기: 아기 첫 신발 고르는 기준  → 2026-10-19 20:30
[2026-10-06 10:40:01] · 대기: 아기 열성경련, 그 순간 해야 할 것  → 2026-10-20 20:30
[2026-10-06 10:40:01] · 대기: 제왕절개 후 회복, 첫 일주일 순서  → 2026-10-21 20:30
[2026-10-06 10:40:01] · 대기: 편식 시작됐을 때 안 통하는 방법  → 2026-10-22 20:30
[2026-10-06 10:40:01] · 대기: 18개월 엄마껌딱지 (재접근기)  → 2026-10-06 20:30
[2026-10-06 10:40:01] 발행 대상 없음
인증: 로컬 설정 파일 사용
[2026-10-06 10:45:01] · 대기: 로션 바르는 타이밍 — 목욕 후 3분  → 2026-10-07 20:30
[2026-10-06 10:45:01] · 대기: 아이 실비보험 가입 시기  → 2026-10-08 20:30
[2026-10-06 10:45:01] · 대기: 초유가 안 나와도 괜찮은 이유  → 2026-10-09 20:30
[2026-10-06 10:45:01] · 대기: 침대에서 떨어졌을 때 관찰할 것  → 2026-10-10 20:30
[2026-10-06 10:45:01] · 대기: 진통 시작 신호와 병원 가는 타이밍  → 2026-10-11 20:30
[2026-10-06 10:45:01] · 대기: 신생아 체중이 안 늘 때 볼 것  → 2026-10-12 20:30
[2026-10-06 10:45:01] · 대기: 컵 연습 언제 시작하나요  → 2026-10-14 20:30
[2026-10-06 10:45:01] · 대기: 배꼽 소독 언제까지 하나요  → 2026-10-13 20:30
[2026-10-06 10:45:01] · 대기: 목욕 중 사고, 이 순간을 조심  → 2026-10-15 20:30
[2026-10-06 10:45:01] · 대기: “오늘 뭐 했어?”  → 2026-10-16 20:30
[2026-10-06 10:45:01] · 대기: 예방접종 증명서 발급받는 법  → 2026-10-17 20:30
[2026-10-06 10:45:01] · 대기: 아기 눈곱이 계속 낄 때  → 2026-10-18 20:30
[2026-10-06 10:45:01] · 대기: 아기 첫 신발 고르는 기준  → 2026-10-19 20:30
[2026-10-06 10:45:01] · 대기: 아기 열성경련, 그 순간 해야 할 것  → 2026-10-20 20:30
[2026-10-06 10:45:01] · 대기: 제왕절개 후 회복, 첫 일주일 순서  → 2026-10-21 20:30
[2026-10-06 10:45:01] · 대기: 편식 시작됐을 때 안 통하는 방법  → 2026-10-22 20:30
[2026-10-06 10:45:01] · 대기: 18개월 엄마껌딱지 (재접근기)  → 2026-10-06 20:30
[2026-10-06 10:45:01] 발행 대상 없음
인증: 로컬 설정 파일 사용
[2026-10-06 10:50:01] · 대기: 로션 바르는 타이밍 — 목욕 후 3분  → 2026-10-07 20:30
[2026-10-06 10:50:01] · 대기: 아이 실비보험 가입 시기  → 2026-10-08 20:30
[2026-10-06 10:50:01] · 대기: 초유가 안 나와도 괜찮은 이유  → 2026-10-09 20:30
[2026-10-06 10:50:01] · 대기: 침대에서 떨어졌을 때 관찰할 것  → 2026-10-10 20:30
[2026-10-06 10:50:01] · 대기: 진통 시작 신호와 병원 가는 타이밍  → 2026-10-11 20:30
[2026-10-06 10:50:01] · 대기: 신생아 체중이 안 늘 때 볼 것  → 2026-10-12 20:30
[2026-10-06 10:50:01] · 대기: 컵 연습 언제 시작하나요  → 2026-10-14 20:30
[2026-10-06 10:50:01] · 대기: 배꼽 소독 언제까지 하나요  → 2026-10-13 20:30
[2026-10-06 10:50:01] · 대기: 목욕 중 사고, 이 순간을 조심  → 2026-10-15 20:30
[2026-10-06 10:50:01] · 대기: “오늘 뭐 했어?”  → 2026-10-16 20:30
[2026-10-06 10:50:01] · 대기: 예방접종 증명서 발급받는 법  → 2026-10-17 20:30
[2026-10-06 10:50:01] · 대기: 아기 눈곱이 계속 낄 때  → 2026-10-18 20:30
[2026-10-06 10:50:01] · 대기: 아기 첫 신발 고르는 기준  → 2026-10-19 20:30
[2026-10-06 10:50:01] · 대기: 아기 열성경련, 그 순간 해야 할 것  → 2026-10-20 20:30
[2026-10-06 10:50:01] · 대기: 제왕절개 후 회복, 첫 일주일 순서  → 2026-10-21 20:30
[2026-10-06 10:50:01] · 대기: 편식 시작됐을 때 안 통하는 방법  → 2026-10-22 20:30
[2026-10-06 10:50:01] · 대기: 18개월 엄마껌딱지 (재접근기)  → 2026-10-06 20:30
[2026-10-06 10:50:01] 발행 대상 없음
인증: 로컬 설정 파일 사용
[2026-10-06 10:55:01] · 대기: 로션 바르는 타이밍 — 목욕 후 3분  → 2026-10-07 20:30
[2026-10-06 10:55:01] · 대기: 아이 실비보험 가입 시기  → 2026-10-08 20:30
[2026-10-06 10:55:01] · 대기: 초유가 안 나와도 괜찮은 이유  → 2026-10-09 20:30
[2026-10-06 10:55:01] · 대기: 침대에서 떨어졌을 때 관찰할 것  → 2026-10-10 20:30
[2026-10-06 10:55:01] · 대기: 진통 시작 신호와 병원 가는 타이밍  → 2026-10-11 20:30
[2026-10-06 10:55:01] · 대기: 신생아 체중이 안 늘 때 볼 것  → 2026-10-12 20:30
[2026-10-06 10:55:01] · 대기: 컵 연습 언제 시작하나요  → 2026-10-14 20:30
[2026-10-06 10:55:01] · 대기: 배꼽 소독 언제까지 하나요  → 2026-10-13 20:30
[2026-10-06 10:55:01] · 대기: 목욕 중 사고, 이 순간을 조심  → 2026-10-15 20:30
[2026-10-06 10:55:01] · 대기: “오늘 뭐 했어?”  → 2026-10-16 20:30
[2026-10-06 10:55:01] · 대기: 예방접종 증명서 발급받는 법  → 2026-10-17 20:30
[2026-10-06 10:55:01] · 대기: 아기 눈곱이 계속 낄 때  → 2026-10-18 20:30
[2026-10-06 10:55:01] · 대기: 아기 첫 신발 고르는 기준  → 2026-10-19 20:30
[2026-10-06 10:55:01] · 대기: 아기 열성경련, 그 순간 해야 할 것  → 2026-10-20 20:30
[2026-10-06 10:55:01] · 대기: 제왕절개 후 회복, 첫 일주일 순서  → 2026-10-21 20:30
[2026-10-06 10:55:01] · 대기: 편식 시작됐을 때 안 통하는 방법  → 2026-10-22 20:30
[2026-10-06 10:55:01] · 대기: 18개월 엄마껌딱지 (재접근기)  → 2026-10-06 20:30
[2026-10-06 10:55:01] 발행 대상 없음
인증: 로컬 설정 파일 사용
[2026-10-06 11:00:01] · 대기: 로션 바르는 타이밍 — 목욕 후 3분  → 2026-10-07 20:30
[2026-10-06 11:00:01] · 대기: 아이 실비보험 가입 시기  → 2026-10-08 20:30
[2026-10-06 11:00:01] · 대기: 초유가 안 나와도 괜찮은 이유  → 2026-10-09 20:30
[2026-10-06 11:00:01] · 대기: 침대에서 떨어졌을 때 관찰할 것  → 2026-10-10 20:30
[2026-10-06 11:00:01] · 대기: 진통 시작 신호와 병원 가는 타이밍  → 2026-10-11 20:30
[2026-10-06 11:00:01] · 대기: 신생아 체중이 안 늘 때 볼 것  → 2026-10-12 20:30
[2026-10-06 11:00:01] · 대기: 컵 연습 언제 시작하나요  → 2026-10-14 20:30
[2026-10-06 11:00:01] · 대기: 배꼽 소독 언제까지 하나요  → 2026-10-13 20:30
[2026-10-06 11:00:01] · 대기: 목욕 중 사고, 이 순간을 조심  → 2026-10-15 20:30
[2026-10-06 11:00:01] · 대기: “오늘 뭐 했어?”  → 2026-10-16 20:30
[2026-10-06 11:00:01] · 대기: 예방접종 증명서 발급받는 법  → 2026-10-17 20:30
[2026-10-06 11:00:01] · 대기: 아기 눈곱이 계속 낄 때  → 2026-10-18 20:30
[2026-10-06 11:00:01] · 대기: 아기 첫 신발 고르는 기준  → 2026-10-19 20:30
[2026-10-06 11:00:01] · 대기: 아기 열성경련, 그 순간 해야 할 것  → 2026-10-20 20:30
[2026-10-06 11:00:01] · 대기: 제왕절개 후 회복, 첫 일주일 순서  → 2026-10-21 20:30
[2026-10-06 11:00:01] · 대기: 편식 시작됐을 때 안 통하는 방법  → 2026-10-22 20:30
[2026-10-06 11:00:01] · 대기: 18개월 엄마껌딱지 (재접근기)  → 2026-10-06 20:30
[2026-10-06 11:00:01] 발행 대상 없음
인증: 로컬 설정 파일 사용
[2026-10-06 11:05:01] · 대기: 로션 바르는 타이밍 — 목욕 후 3분  → 2026-10-07 20:30
[2026-10-06 11:05:01] · 대기: 아이 실비보험 가입 시기  → 2026-10-08 20:30
[2026-10-06 11:05:01] · 대기: 초유가 안 나와도 괜찮은 이유  → 2026-10-09 20:30
[2026-10-06 11:05:01] · 대기: 침대에서 떨어졌을 때 관찰할 것  → 2026-10-10 20:30
[2026-10-06 11:05:01] · 대기: 진통 시작 신호와 병원 가는 타이밍  → 2026-10-11 20:30
[2026-10-06 11:05:01] · 대기: 신생아 체중이 안 늘 때 볼 것  → 2026-10-12 20:30
[2026-10-06 11:05:01] · 대기: 컵 연습 언제 시작하나요  → 2026-10-14 20:30
[2026-10-06 11:05:01] · 대기: 배꼽 소독 언제까지 하나요  → 2026-10-13 20:30
[2026-10-06 11:05:01] · 대기: 목욕 중 사고, 이 순간을 조심  → 2026-10-15 20:30
[2026-10-06 11:05:01] · 대기: “오늘 뭐 했어?”  → 2026-10-16 20:30
[2026-10-06 11:05:01] · 대기: 예방접종 증명서 발급받는 법  → 2026-10-17 20:30
[2026-10-06 11:05:01] · 대기: 아기 눈곱이 계속 낄 때  → 2026-10-18 20:30
[2026-10-06 11:05:01] · 대기: 아기 첫 신발 고르는 기준  → 2026-10-19 20:30
[2026-10-06 11:05:01] · 대기: 아기 열성경련, 그 순간 해야 할 것  → 2026-10-20 20:30
[2026-10-06 11:05:01] · 대기: 제왕절개 후 회복, 첫 일주일 순서  → 2026-10-21 20:30
[2026-10-06 11:05:01] · 대기: 편식 시작됐을 때 안 통하는 방법  → 2026-10-22 20:30
[2026-10-06 11:05:01] · 대기: 18개월 엄마껌딱지 (재접근기)  → 2026-10-06 20:30
[2026-10-06 11:05:01] 발행 대상 없음
인증: 로컬 설정 파일 사용
[2026-10-06 11:10:01] · 대기: 로션 바르는 타이밍 — 목욕 후 3분  → 2026-10-07 20:30
[2026-10-06 11:10:01] · 대기: 아이 실비보험 가입 시기  → 2026-10-08 20:30
[2026-10-06 11:10:01] · 대기: 초유가 안 나와도 괜찮은 이유  → 2026-10-09 20:30
[2026-10-06 11:10:01] · 대기: 침대에서 떨어졌을 때 관찰할 것  → 2026-10-10 20:30
[2026-10-06 11:10:01] · 대기: 진통 시작 신호와 병원 가는 타이밍  → 2026-10-11 20:30
[2026-10-06 11:10:01] · 대기: 신생아 체중이 안 늘 때 볼 것  → 2026-10-12 20:30
[2026-10-06 11:10:01] · 대기: 컵 연습 언제 시작하나요  → 2026-10-14 20:30
[2026-10-06 11:10:01] · 대기: 배꼽 소독 언제까지 하나요  → 2026-10-13 20:30
[2026-10-06 11:10:01] · 대기: 목욕 중 사고, 이 순간을 조심  → 2026-10-15 20:30
[2026-10-06 11:10:01] · 대기: “오늘 뭐 했어?”  → 2026-10-16 20:30
[2026-10-06 11:10:01] · 대기: 예방접종 증명서 발급받는 법  → 2026-10-17 20:30
[2026-10-06 11:10:01] · 대기: 아기 눈곱이 계속 낄 때  → 2026-10-18 20:30
[2026-10-06 11:10:01] · 대기: 아기 첫 신발 고르는 기준  → 2026-10-19 20:30
[2026-10-06 11:10:01] · 대기: 아기 열성경련, 그 순간 해야 할 것  → 2026-10-20 20:30
[2026-10-06 11:10:01] · 대기: 제왕절개 후 회복, 첫 일주일 순서  → 2026-10-21 20:30
[2026-10-06 11:10:01] · 대기: 편식 시작됐을 때 안 통하는 방법  → 2026-10-22 20:30
[2026-10-06 11:10:01] · 대기: 18개월 엄마껌딱지 (재접근기)  → 2026-10-06 20:30
[2026-10-06 11:10:01] 발행 대상 없음
인증: 로컬 설정 파일 사용
[2026-10-06 11:15:01] · 대기: 로션 바르는 타이밍 — 목욕 후 3분  → 2026-10-07 20:30
[2026-10-06 11:15:01] · 대기: 아이 실비보험 가입 시기  → 2026-10-08 20:30
[2026-10-06 11:15:01] · 대기: 초유가 안 나와도 괜찮은 이유  → 2026-10-09 20:30
[2026-10-06 11:15:01] · 대기: 침대에서 떨어졌을 때 관찰할 것  → 2026-10-10 20:30
[2026-10-06 11:15:01] · 대기: 진통 시작 신호와 병원 가는 타이밍  → 2026-10-11 20:30
[2026-10-06 11:15:01] · 대기: 신생아 체중이 안 늘 때 볼 것  → 2026-10-12 20:30
[2026-10-06 11:15:01] · 대기: 컵 연습 언제 시작하나요  → 2026-10-14 20:30
[2026-10-06 11:15:01] · 대기: 배꼽 소독 언제까지 하나요  → 2026-10-13 20:30
[2026-10-06 11:15:01] · 대기: 목욕 중 사고, 이 순간을 조심  → 2026-10-15 20:30
[2026-10-06 11:15:01] · 대기: “오늘 뭐 했어?”  → 2026-10-16 20:30
[2026-10-06 11:15:01] · 대기: 예방접종 증명서 발급받는 법  → 2026-10-17 20:30
[2026-10-06 11:15:01] · 대기: 아기 눈곱이 계속 낄 때  → 2026-10-18 20:30
[2026-10-06 11:15:01] · 대기: 아기 첫 신발 고르는 기준  → 2026-10-19 20:30
[2026-10-06 11:15:01] · 대기: 아기 열성경련, 그 순간 해야 할 것  → 2026-10-20 20:30
[2026-10-06 11:15:01] · 대기: 제왕절개 후 회복, 첫 일주일 순서  → 2026-10-21 20:30
[2026-10-06 11:15:01] · 대기: 편식 시작됐을 때 안 통하는 방법  → 2026-10-22 20:30
[2026-10-06 11:15:01] · 대기: 18개월 엄마껌딱지 (재접근기)  → 2026-10-06 20:30
[2026-10-06 11:15:01] 발행 대상 없음
인증: 로컬 설정 파일 사용
[2026-10-06 11:20:01] · 대기: 로션 바르는 타이밍 — 목욕 후 3분  → 2026-10-07 20:30
[2026-10-06 11:20:01] · 대기: 아이 실비보험 가입 시기  → 2026-10-08 20:30
[2026-10-06 11:20:01] · 대기: 초유가 안 나와도 괜찮은 이유  → 2026-10-09 20:30
[2026-10-06 11:20:01] · 대기: 침대에서 떨어졌을 때 관찰할 것  → 2026-10-10 20:30
[2026-10-06 11:20:01] · 대기: 진통 시작 신호와 병원 가는 타이밍  → 2026-10-11 20:30
[2026-10-06 11:20:01] · 대기: 신생아 체중이 안 늘 때 볼 것  → 2026-10-12 20:30
[2026-10-06 11:20:01] · 대기: 컵 연습 언제 시작하나요  → 2026-10-14 20:30
[2026-10-06 11:20:01] · 대기: 배꼽 소독 언제까지 하나요  → 2026-10-13 20:30
[2026-10-06 11:20:01] · 대기: 목욕 중 사고, 이 순간을 조심  → 2026-10-15 20:30
[2026-10-06 11:20:01] · 대기: “오늘 뭐 했어?”  → 2026-10-16 20:30
[2026-10-06 11:20:01] · 대기: 예방접종 증명서 발급받는 법  → 2026-10-17 20:30
[2026-10-06 11:20:01] · 대기: 아기 눈곱이 계속 낄 때  → 2026-10-18 20:30
[2026-10-06 11:20:01] · 대기: 아기 첫 신발 고르는 기준  → 2026-10-19 20:30
[2026-10-06 11:20:01] · 대기: 아기 열성경련, 그 순간 해야 할 것  → 2026-10-20 20:30
[2026-10-06 11:20:01] · 대기: 제왕절개 후 회복, 첫 일주일 순서  → 2026-10-21 20:30
[2026-10-06 11:20:01] · 대기: 편식 시작됐을 때 안 통하는 방법  → 2026-10-22 20:30
[2026-10-06 11:20:01] · 대기: 18개월 엄마껌딱지 (재접근기)  → 2026-10-06 20:30
[2026-10-06 11:20:01] 발행 대상 없음
인증: 로컬 설정 파일 사용
[2026-10-06 11:25:01] · 대기: 로션 바르는 타이밍 — 목욕 후 3분  → 2026-10-07 20:30
[2026-10-06 11:25:01] · 대기: 아이 실비보험 가입 시기  → 2026-10-08 20:30
[2026-10-06 11:25:01] · 대기: 초유가 안 나와도 괜찮은 이유  → 2026-10-09 20:30
[2026-10-06 11:25:01] · 대기: 침대에서 떨어졌을 때 관찰할 것  → 2026-10-10 20:30
[2026-10-06 11:25:01] · 대기: 진통 시작 신호와 병원 가는 타이밍  → 2026-10-11 20:30
[2026-10-06 11:25:01] · 대기: 신생아 체중이 안 늘 때 볼 것  → 2026-10-12 20:30
[2026-10-06 11:25:01] · 대기: 컵 연습 언제 시작하나요  → 2026-10-14 20:30
[2026-10-06 11:25:01] · 대기: 배꼽 소독 언제까지 하나요  → 2026-10-13 20:30
[2026-10-06 11:25:01] · 대기: 목욕 중 사고, 이 순간을 조심  → 2026-10-15 20:30
[2026-10-06 11:25:01] · 대기: “오늘 뭐 했어?”  → 2026-10-16 20:30
[2026-10-06 11:25:01] · 대기: 예방접종 증명서 발급받는 법  → 2026-10-17 20:30
[2026-10-06 11:25:01] · 대기: 아기 눈곱이 계속 낄 때  → 2026-10-18 20:30
[2026-10-06 11:25:01] · 대기: 아기 첫 신발 고르는 기준  → 2026-10-19 20:30
[2026-10-06 11:25:01] · 대기: 아기 열성경련, 그 순간 해야 할 것  → 2026-10-20 20:30
[2026-10-06 11:25:01] · 대기: 제왕절개 후 회복, 첫 일주일 순서  → 2026-10-21 20:30
[2026-10-06 11:25:01] · 대기: 편식 시작됐을 때 안 통하는 방법  → 2026-10-22 20:30
[2026-10-06 11:25:01] · 대기: 18개월 엄마껌딱지 (재접근기)  → 2026-10-06 20:30
[2026-10-06 11:25:01] 발행 대상 없음
인증: 로컬 설정 파일 사용
[2026-10-06 11:30:01] · 대기: 로션 바르는 타이밍 — 목욕 후 3분  → 2026-10-07 20:30
[2026-10-06 11:30:01] · 대기: 아이 실비보험 가입 시기  → 2026-10-08 20:30
[2026-10-06 11:30:01] · 대기: 초유가 안 나와도 괜찮은 이유  → 2026-10-09 20:30
[2026-10-06 11:30:01] · 대기: 침대에서 떨어졌을 때 관찰할 것  → 2026-10-10 20:30
[2026-10-06 11:30:01] · 대기: 진통 시작 신호와 병원 가는 타이밍  → 2026-10-11 20:30
[2026-10-06 11:30:01] · 대기: 신생아 체중이 안 늘 때 볼 것  → 2026-10-12 20:30
[2026-10-06 11:30:01] · 대기: 컵 연습 언제 시작하나요  → 2026-10-14 20:30
[2026-10-06 11:30:01] · 대기: 배꼽 소독 언제까지 하나요  → 2026-10-13 20:30
[2026-10-06 11:30:01] · 대기: 목욕 중 사고, 이 순간을 조심  → 2026-10-15 20:30
[2026-10-06 11:30:01] · 대기: “오늘 뭐 했어?”  → 2026-10-16 20:30
[2026-10-06 11:30:01] · 대기: 예방접종 증명서 발급받는 법  → 2026-10-17 20:30
[2026-10-06 11:30:01] · 대기: 아기 눈곱이 계속 낄 때  → 2026-10-18 20:30
[2026-10-06 11:30:01] · 대기: 아기 첫 신발 고르는 기준  → 2026-10-19 20:30
[2026-10-06 11:30:01] · 대기: 아기 열성경련, 그 순간 해야 할 것  → 2026-10-20 20:30
[2026-10-06 11:30:01] · 대기: 제왕절개 후 회복, 첫 일주일 순서  → 2026-10-21 20:30
[2026-10-06 11:30:01] · 대기: 편식 시작됐을 때 안 통하는 방법  → 2026-10-22 20:30
[2026-10-06 11:30:01] · 대기: 18개월 엄마껌딱지 (재접근기)  → 2026-10-06 20:30
[2026-10-06 11:30:01] 발행 대상 없음
인증: 로컬 설정 파일 사용
[2026-10-06 11:35:01] · 대기: 로션 바르는 타이밍 — 목욕 후 3분  → 2026-10-07 20:30
[2026-10-06 11:35:01] · 대기: 아이 실비보험 가입 시기  → 2026-10-08 20:30
[2026-10-06 11:35:01] · 대기: 초유가 안 나와도 괜찮은 이유  → 2026-10-09 20:30
[2026-10-06 11:35:01] · 대기: 침대에서 떨어졌을 때 관찰할 것  → 2026-10-10 20:30
[2026-10-06 11:35:01] · 대기: 진통 시작 신호와 병원 가는 타이밍  → 2026-10-11 20:30
[2026-10-06 11:35:01] · 대기: 신생아 체중이 안 늘 때 볼 것  → 2026-10-12 20:30
[2026-10-06 11:35:01] · 대기: 컵 연습 언제 시작하나요  → 2026-10-14 20:30
[2026-10-06 11:35:01] · 대기: 배꼽 소독 언제까지 하나요  → 2026-10-13 20:30
[2026-10-06 11:35:01] · 대기: 목욕 중 사고, 이 순간을 조심  → 2026-10-15 20:30
[2026-10-06 11:35:01] · 대기: “오늘 뭐 했어?”  → 2026-10-16 20:30
[2026-10-06 11:35:01] · 대기: 예방접종 증명서 발급받는 법  → 2026-10-17 20:30
[2026-10-06 11:35:01] · 대기: 아기 눈곱이 계속 낄 때  → 2026-10-18 20:30
[2026-10-06 11:35:01] · 대기: 아기 첫 신발 고르는 기준  → 2026-10-19 20:30
[2026-10-06 11:35:01] · 대기: 아기 열성경련, 그 순간 해야 할 것  → 2026-10-20 20:30
[2026-10-06 11:35:01] · 대기: 제왕절개 후 회복, 첫 일주일 순서  → 2026-10-21 20:30
[2026-10-06 11:35:01] · 대기: 편식 시작됐을 때 안 통하는 방법  → 2026-10-22 20:30
[2026-10-06 11:35:01] · 대기: 18개월 엄마껌딱지 (재접근기)  → 2026-10-06 20:30
[2026-10-06 11:35:01] 발행 대상 없음
인증: 로컬 설정 파일 사용
[2026-10-06 11:40:01] · 대기: 로션 바르는 타이밍 — 목욕 후 3분  → 2026-10-07 20:30
[2026-10-06 11:40:01] · 대기: 아이 실비보험 가입 시기  → 2026-10-08 20:30
[2026-10-06 11:40:01] · 대기: 초유가 안 나와도 괜찮은 이유  → 2026-10-09 20:30
[2026-10-06 11:40:01] · 대기: 침대에서 떨어졌을 때 관찰할 것  → 2026-10-10 20:30
[2026-10-06 11:40:01] · 대기: 진통 시작 신호와 병원 가는 타이밍  → 2026-10-11 20:30
[2026-10-06 11:40:01] · 대기: 신생아 체중이 안 늘 때 볼 것  → 2026-10-12 20:30
[2026-10-06 11:40:01] · 대기: 컵 연습 언제 시작하나요  → 2026-10-14 20:30
[2026-10-06 11:40:01] · 대기: 배꼽 소독 언제까지 하나요  → 2026-10-13 20:30
[2026-10-06 11:40:01] · 대기: 목욕 중 사고, 이 순간을 조심  → 2026-10-15 20:30
[2026-10-06 11:40:01] · 대기: “오늘 뭐 했어?”  → 2026-10-16 20:30
[2026-10-06 11:40:01] · 대기: 예방접종 증명서 발급받는 법  → 2026-10-17 20:30
[2026-10-06 11:40:01] · 대기: 아기 눈곱이 계속 낄 때  → 2026-10-18 20:30
[2026-10-06 11:40:01] · 대기: 아기 첫 신발 고르는 기준  → 2026-10-19 20:30
[2026-10-06 11:40:01] · 대기: 아기 열성경련, 그 순간 해야 할 것  → 2026-10-20 20:30
[2026-10-06 11:40:01] · 대기: 제왕절개 후 회복, 첫 일주일 순서  → 2026-10-21 20:30
[2026-10-06 11:40:01] · 대기: 편식 시작됐을 때 안 통하는 방법  → 2026-10-22 20:30
[2026-10-06 11:40:01] · 대기: 18개월 엄마껌딱지 (재접근기)  → 2026-10-06 20:30
[2026-10-06 11:40:01] 발행 대상 없음
인증: 로컬 설정 파일 사용
[2026-10-06 11:45:01] · 대기: 로션 바르는 타이밍 — 목욕 후 3분  → 2026-10-07 20:30
[2026-10-06 11:45:01] · 대기: 아이 실비보험 가입 시기  → 2026-10-08 20:30
[2026-10-06 11:45:01] · 대기: 초유가 안 나와도 괜찮은 이유  → 2026-10-09 20:30
[2026-10-06 11:45:01] · 대기: 침대에서 떨어졌을 때 관찰할 것  → 2026-10-10 20:30
[2026-10-06 11:45:01] · 대기: 진통 시작 신호와 병원 가는 타이밍  → 2026-10-11 20:30
[2026-10-06 11:45:01] · 대기: 신생아 체중이 안 늘 때 볼 것  → 2026-10-12 20:30
[2026-10-06 11:45:01] · 대기: 컵 연습 언제 시작하나요  → 2026-10-14 20:30
[2026-10-06 11:45:01] · 대기: 배꼽 소독 언제까지 하나요  → 2026-10-13 20:30
[2026-10-06 11:45:01] · 대기: 목욕 중 사고, 이 순간을 조심  → 2026-10-15 20:30
[2026-10-06 11:45:01] · 대기: “오늘 뭐 했어?”  → 2026-10-16 20:30
[2026-10-06 11:45:01] · 대기: 예방접종 증명서 발급받는 법  → 2026-10-17 20:30
[2026-10-06 11:45:01] · 대기: 아기 눈곱이 계속 낄 때  → 2026-10-18 20:30
[2026-10-06 11:45:01] · 대기: 아기 첫 신발 고르는 기준  → 2026-10-19 20:30
[2026-10-06 11:45:01] · 대기: 아기 열성경련, 그 순간 해야 할 것  → 2026-10-20 20:30
[2026-10-06 11:45:01] · 대기: 제왕절개 후 회복, 첫 일주일 순서  → 2026-10-21 20:30
[2026-10-06 11:45:01] · 대기: 편식 시작됐을 때 안 통하는 방법  → 2026-10-22 20:30
[2026-10-06 11:45:01] · 대기: 18개월 엄마껌딱지 (재접근기)  → 2026-10-06 20:30
[2026-10-06 11:45:01] 발행 대상 없음
인증: 로컬 설정 파일 사용
[2026-10-06 11:50:01] · 대기: 로션 바르는 타이밍 — 목욕 후 3분  → 2026-10-07 20:30
[2026-10-06 11:50:01] · 대기: 아이 실비보험 가입 시기  → 2026-10-08 20:30
[2026-10-06 11:50:01] · 대기: 초유가 안 나와도 괜찮은 이유  → 2026-10-09 20:30
[2026-10-06 11:50:01] · 대기: 침대에서 떨어졌을 때 관찰할 것  → 2026-10-10 20:30
[2026-10-06 11:50:01] · 대기: 진통 시작 신호와 병원 가는 타이밍  → 2026-10-11 20:30
[2026-10-06 11:50:01] · 대기: 신생아 체중이 안 늘 때 볼 것  → 2026-10-12 20:30
[2026-10-06 11:50:01] · 대기: 컵 연습 언제 시작하나요  → 2026-10-14 20:30
[2026-10-06 11:50:01] · 대기: 배꼽 소독 언제까지 하나요  → 2026-10-13 20:30
[2026-10-06 11:50:01] · 대기: 목욕 중 사고, 이 순간을 조심  → 2026-10-15 20:30
[2026-10-06 11:50:01] · 대기: “오늘 뭐 했어?”  → 2026-10-16 20:30
[2026-10-06 11:50:01] · 대기: 예방접종 증명서 발급받는 법  → 2026-10-17 20:30
[2026-10-06 11:50:01] · 대기: 아기 눈곱이 계속 낄 때  → 2026-10-18 20:30
[2026-10-06 11:50:01] · 대기: 아기 첫 신발 고르는 기준  → 2026-10-19 20:30
[2026-10-06 11:50:01] · 대기: 아기 열성경련, 그 순간 해야 할 것  → 2026-10-20 20:30
[2026-10-06 11:50:01] · 대기: 제왕절개 후 회복, 첫 일주일 순서  → 2026-10-21 20:30
[2026-10-06 11:50:01] · 대기: 편식 시작됐을 때 안 통하는 방법  → 2026-10-22 20:30
[2026-10-06 11:50:01] · 대기: 18개월 엄마껌딱지 (재접근기)  → 2026-10-06 20:30
[2026-10-06 11:50:01] 발행 대상 없음
인증: 로컬 설정 파일 사용
[2026-10-06 11:55:01] · 대기: 로션 바르는 타이밍 — 목욕 후 3분  → 2026-10-07 20:30
[2026-10-06 11:55:01] · 대기: 아이 실비보험 가입 시기  → 2026-10-08 20:30
[2026-10-06 11:55:01] · 대기: 초유가 안 나와도 괜찮은 이유  → 2026-10-09 20:30
[2026-10-06 11:55:01] · 대기: 침대에서 떨어졌을 때 관찰할 것  → 2026-10-10 20:30
[2026-10-06 11:55:01] · 대기: 진통 시작 신호와 병원 가는 타이밍  → 2026-10-11 20:30
[2026-10-06 11:55:01] · 대기: 신생아 체중이 안 늘 때 볼 것  → 2026-10-12 20:30
[2026-10-06 11:55:01] · 대기: 컵 연습 언제 시작하나요  → 2026-10-14 20:30
[2026-10-06 11:55:01] · 대기: 배꼽 소독 언제까지 하나요  → 2026-10-13 20:30
[2026-10-06 11:55:01] · 대기: 목욕 중 사고, 이 순간을 조심  → 2026-10-15 20:30
[2026-10-06 11:55:01] · 대기: “오늘 뭐 했어?”  → 2026-10-16 20:30
[2026-10-06 11:55:01] · 대기: 예방접종 증명서 발급받는 법  → 2026-10-17 20:30
[2026-10-06 11:55:01] · 대기: 아기 눈곱이 계속 낄 때  → 2026-10-18 20:30
[2026-10-06 11:55:01] · 대기: 아기 첫 신발 고르는 기준  → 2026-10-19 20:30
[2026-10-06 11:55:01] · 대기: 아기 열성경련, 그 순간 해야 할 것  → 2026-10-20 20:30
[2026-10-06 11:55:01] · 대기: 제왕절개 후 회복, 첫 일주일 순서  → 2026-10-21 20:30
[2026-10-06 11:55:01] · 대기: 편식 시작됐을 때 안 통하는 방법  → 2026-10-22 20:30
[2026-10-06 11:55:01] · 대기: 18개월 엄마껌딱지 (재접근기)  → 2026-10-06 20:30
[2026-10-06 11:55:01] 발행 대상 없음
인증: 로컬 설정 파일 사용
[2026-10-06 12:00:01] · 대기: 로션 바르는 타이밍 — 목욕 후 3분  → 2026-10-07 20:30
[2026-10-06 12:00:01] · 대기: 아이 실비보험 가입 시기  → 2026-10-08 20:30
[2026-10-06 12:00:01] · 대기: 초유가 안 나와도 괜찮은 이유  → 2026-10-09 20:30
[2026-10-06 12:00:01] · 대기: 침대에서 떨어졌을 때 관찰할 것  → 2026-10-10 20:30
[2026-10-06 12:00:01] · 대기: 진통 시작 신호와 병원 가는 타이밍  → 2026-10-11 20:30
[2026-10-06 12:00:01] · 대기: 신생아 체중이 안 늘 때 볼 것  → 2026-10-12 20:30
[2026-10-06 12:00:01] · 대기: 컵 연습 언제 시작하나요  → 2026-10-14 20:30
[2026-10-06 12:00:01] · 대기: 배꼽 소독 언제까지 하나요  → 2026-10-13 20:30
[2026-10-06 12:00:01] · 대기: 목욕 중 사고, 이 순간을 조심  → 2026-10-15 20:30
[2026-10-06 12:00:01] · 대기: “오늘 뭐 했어?”  → 2026-10-16 20:30
[2026-10-06 12:00:01] · 대기: 예방접종 증명서 발급받는 법  → 2026-10-17 20:30
[2026-10-06 12:00:01] · 대기: 아기 눈곱이 계속 낄 때  → 2026-10-18 20:30
[2026-10-06 12:00:01] · 대기: 아기 첫 신발 고르는 기준  → 2026-10-19 20:30
[2026-10-06 12:00:01] · 대기: 아기 열성경련, 그 순간 해야 할 것  → 2026-10-20 20:30
[2026-10-06 12:00:01] · 대기: 제왕절개 후 회복, 첫 일주일 순서  → 2026-10-21 20:30
[2026-10-06 12:00:01] · 대기: 편식 시작됐을 때 안 통하는 방법  → 2026-10-22 20:30
[2026-10-06 12:00:01] · 대기: 18개월 엄마껌딱지 (재접근기)  → 2026-10-06 20:30
[2026-10-06 12:00:01] 발행 대상 없음
인증: 로컬 설정 파일 사용
[2026-10-06 12:05:01] · 대기: 로션 바르는 타이밍 — 목욕 후 3분  → 2026-10-07 20:30
[2026-10-06 12:05:01] · 대기: 아이 실비보험 가입 시기  → 2026-10-08 20:30
[2026-10-06 12:05:01] · 대기: 초유가 안 나와도 괜찮은 이유  → 2026-10-09 20:30
[2026-10-06 12:05:01] · 대기: 침대에서 떨어졌을 때 관찰할 것  → 2026-10-10 20:30
[2026-10-06 12:05:01] · 대기: 진통 시작 신호와 병원 가는 타이밍  → 2026-10-11 20:30
[2026-10-06 12:05:01] · 대기: 신생아 체중이 안 늘 때 볼 것  → 2026-10-12 20:30
[2026-10-06 12:05:01] · 대기: 컵 연습 언제 시작하나요  → 2026-10-14 20:30
[2026-10-06 12:05:01] · 대기: 배꼽 소독 언제까지 하나요  → 2026-10-13 20:30
[2026-10-06 12:05:01] · 대기: 목욕 중 사고, 이 순간을 조심  → 2026-10-15 20:30
[2026-10-06 12:05:01] · 대기: “오늘 뭐 했어?”  → 2026-10-16 20:30
[2026-10-06 12:05:01] · 대기: 예방접종 증명서 발급받는 법  → 2026-10-17 20:30
[2026-10-06 12:05:01] · 대기: 아기 눈곱이 계속 낄 때  → 2026-10-18 20:30
[2026-10-06 12:05:01] · 대기: 아기 첫 신발 고르는 기준  → 2026-10-19 20:30
[2026-10-06 12:05:01] · 대기: 아기 열성경련, 그 순간 해야 할 것  → 2026-10-20 20:30
[2026-10-06 12:05:01] · 대기: 제왕절개 후 회복, 첫 일주일 순서  → 2026-10-21 20:30
[2026-10-06 12:05:01] · 대기: 편식 시작됐을 때 안 통하는 방법  → 2026-10-22 20:30
[2026-10-06 12:05:01] · 대기: 18개월 엄마껌딱지 (재접근기)  → 2026-10-06 20:30
[2026-10-06 12:05:01] 발행 대상 없음
인증: 로컬 설정 파일 사용
[2026-10-06 12:10:01] · 대기: 로션 바르는 타이밍 — 목욕 후 3분  → 2026-10-07 20:30
[2026-10-06 12:10:01] · 대기: 아이 실비보험 가입 시기  → 2026-10-08 20:30
[2026-10-06 12:10:01] · 대기: 초유가 안 나와도 괜찮은 이유  → 2026-10-09 20:30
[2026-10-06 12:10:01] · 대기: 침대에서 떨어졌을 때 관찰할 것  → 2026-10-10 20:30
[2026-10-06 12:10:01] · 대기: 진통 시작 신호와 병원 가는 타이밍  → 2026-10-11 20:30
[2026-10-06 12:10:01] · 대기: 신생아 체중이 안 늘 때 볼 것  → 2026-10-12 20:30
[2026-10-06 12:10:01] · 대기: 컵 연습 언제 시작하나요  → 2026-10-14 20:30
[2026-10-06 12:10:01] · 대기: 배꼽 소독 언제까지 하나요  → 2026-10-13 20:30
[2026-10-06 12:10:01] · 대기: 목욕 중 사고, 이 순간을 조심  → 2026-10-15 20:30
[2026-10-06 12:10:01] · 대기: “오늘 뭐 했어?”  → 2026-10-16 20:30
[2026-10-06 12:10:01] · 대기: 예방접종 증명서 발급받는 법  → 2026-10-17 20:30
[2026-10-06 12:10:01] · 대기: 아기 눈곱이 계속 낄 때  → 2026-10-18 20:30
[2026-10-06 12:10:01] · 대기: 아기 첫 신발 고르는 기준  → 2026-10-19 20:30
[2026-10-06 12:10:01] · 대기: 아기 열성경련, 그 순간 해야 할 것  → 2026-10-20 20:30
[2026-10-06 12:10:01] · 대기: 제왕절개 후 회복, 첫 일주일 순서  → 2026-10-21 20:30
[2026-10-06 12:10:01] · 대기: 편식 시작됐을 때 안 통하는 방법  → 2026-10-22 20:30
[2026-10-06 12:10:01] · 대기: 18개월 엄마껌딱지 (재접근기)  → 2026-10-06 20:30
[2026-10-06 12:10:01] 발행 대상 없음
인증: 로컬 설정 파일 사용
[2026-10-06 12:15:01] · 대기: 로션 바르는 타이밍 — 목욕 후 3분  → 2026-10-07 20:30
[2026-10-06 12:15:01] · 대기: 아이 실비보험 가입 시기  → 2026-10-08 20:30
[2026-10-06 12:15:01] · 대기: 초유가 안 나와도 괜찮은 이유  → 2026-10-09 20:30
[2026-10-06 12:15:01] · 대기: 침대에서 떨어졌을 때 관찰할 것  → 2026-10-10 20:30
[2026-10-06 12:15:01] · 대기: 진통 시작 신호와 병원 가는 타이밍  → 2026-10-11 20:30
[2026-10-06 12:15:01] · 대기: 신생아 체중이 안 늘 때 볼 것  → 2026-10-12 20:30
[2026-10-06 12:15:01] · 대기: 컵 연습 언제 시작하나요  → 2026-10-14 20:30
[2026-10-06 12:15:01] · 대기: 배꼽 소독 언제까지 하나요  → 2026-10-13 20:30
[2026-10-06 12:15:01] · 대기: 목욕 중 사고, 이 순간을 조심  → 2026-10-15 20:30
[2026-10-06 12:15:01] · 대기: “오늘 뭐 했어?”  → 2026-10-16 20:30
[2026-10-06 12:15:01] · 대기: 예방접종 증명서 발급받는 법  → 2026-10-17 20:30
[2026-10-06 12:15:01] · 대기: 아기 눈곱이 계속 낄 때  → 2026-10-18 20:30
[2026-10-06 12:15:01] · 대기: 아기 첫 신발 고르는 기준  → 2026-10-19 20:30
[2026-10-06 12:15:01] · 대기: 아기 열성경련, 그 순간 해야 할 것  → 2026-10-20 20:30
[2026-10-06 12:15:01] · 대기: 제왕절개 후 회복, 첫 일주일 순서  → 2026-10-21 20:30
[2026-10-06 12:15:01] · 대기: 편식 시작됐을 때 안 통하는 방법  → 2026-10-22 20:30
[2026-10-06 12:15:01] · 대기: 18개월 엄마껌딱지 (재접근기)  → 2026-10-06 20:30
[2026-10-06 12:15:01] 발행 대상 없음
인증: 로컬 설정 파일 사용
[2026-10-06 12:20:01] · 대기: 로션 바르는 타이밍 — 목욕 후 3분  → 2026-10-07 20:30
[2026-10-06 12:20:01] · 대기: 아이 실비보험 가입 시기  → 2026-10-08 20:30
[2026-10-06 12:20:01] · 대기: 초유가 안 나와도 괜찮은 이유  → 2026-10-09 20:30
[2026-10-06 12:20:01] · 대기: 침대에서 떨어졌을 때 관찰할 것  → 2026-10-10 20:30
[2026-10-06 12:20:01] · 대기: 진통 시작 신호와 병원 가는 타이밍  → 2026-10-11 20:30
[2026-10-06 12:20:01] · 대기: 신생아 체중이 안 늘 때 볼 것  → 2026-10-12 20:30
[2026-10-06 12:20:01] · 대기: 컵 연습 언제 시작하나요  → 2026-10-14 20:30
[2026-10-06 12:20:01] · 대기: 배꼽 소독 언제까지 하나요  → 2026-10-13 20:30
[2026-10-06 12:20:01] · 대기: 목욕 중 사고, 이 순간을 조심  → 2026-10-15 20:30
[2026-10-06 12:20:01] · 대기: “오늘 뭐 했어?”  → 2026-10-16 20:30
[2026-10-06 12:20:01] · 대기: 예방접종 증명서 발급받는 법  → 2026-10-17 20:30
[2026-10-06 12:20:01] · 대기: 아기 눈곱이 계속 낄 때  → 2026-10-18 20:30
[2026-10-06 12:20:01] · 대기: 아기 첫 신발 고르는 기준  → 2026-10-19 20:30
[2026-10-06 12:20:01] · 대기: 아기 열성경련, 그 순간 해야 할 것  → 2026-10-20 20:30
[2026-10-06 12:20:01] · 대기: 제왕절개 후 회복, 첫 일주일 순서  → 2026-10-21 20:30
[2026-10-06 12:20:01] · 대기: 편식 시작됐을 때 안 통하는 방법  → 2026-10-22 20:30
[2026-10-06 12:20:01] · 대기: 18개월 엄마껌딱지 (재접근기)  → 2026-10-06 20:30
[2026-10-06 12:20:01] 발행 대상 없음
인증: 로컬 설정 파일 사용
[2026-10-06 12:25:01] · 대기: 로션 바르는 타이밍 — 목욕 후 3분  → 2026-10-07 20:30
[2026-10-06 12:25:01] · 대기: 아이 실비보험 가입 시기  → 2026-10-08 20:30
[2026-10-06 12:25:01] · 대기: 초유가 안 나와도 괜찮은 이유  → 2026-10-09 20:30
[2026-10-06 12:25:01] · 대기: 침대에서 떨어졌을 때 관찰할 것  → 2026-10-10 20:30
[2026-10-06 12:25:01] · 대기: 진통 시작 신호와 병원 가는 타이밍  → 2026-10-11 20:30
[2026-10-06 12:25:01] · 대기: 신생아 체중이 안 늘 때 볼 것  → 2026-10-12 20:30
[2026-10-06 12:25:01] · 대기: 컵 연습 언제 시작하나요  → 2026-10-14 20:30
[2026-10-06 12:25:01] · 대기: 배꼽 소독 언제까지 하나요  → 2026-10-13 20:30
[2026-10-06 12:25:01] · 대기: 목욕 중 사고, 이 순간을 조심  → 2026-10-15 20:30
[2026-10-06 12:25:01] · 대기: “오늘 뭐 했어?”  → 2026-10-16 20:30
[2026-10-06 12:25:01] · 대기: 예방접종 증명서 발급받는 법  → 2026-10-17 20:30
[2026-10-06 12:25:01] · 대기: 아기 눈곱이 계속 낄 때  → 2026-10-18 20:30
[2026-10-06 12:25:01] · 대기: 아기 첫 신발 고르는 기준  → 2026-10-19 20:30
[2026-10-06 12:25:01] · 대기: 아기 열성경련, 그 순간 해야 할 것  → 2026-10-20 20:30
[2026-10-06 12:25:01] · 대기: 제왕절개 후 회복, 첫 일주일 순서  → 2026-10-21 20:30
[2026-10-06 12:25:01] · 대기: 편식 시작됐을 때 안 통하는 방법  → 2026-10-22 20:30
[2026-10-06 12:25:01] · 대기: 18개월 엄마껌딱지 (재접근기)  → 2026-10-06 20:30
[2026-10-06 12:25:01] 발행 대상 없음
인증: 로컬 설정 파일 사용
[2026-10-06 12:30:01] · 대기: 로션 바르는 타이밍 — 목욕 후 3분  → 2026-10-07 20:30
[2026-10-06 12:30:01] · 대기: 아이 실비보험 가입 시기  → 2026-10-08 20:30
[2026-10-06 12:30:01] · 대기: 초유가 안 나와도 괜찮은 이유  → 2026-10-09 20:30
[2026-10-06 12:30:01] · 대기: 침대에서 떨어졌을 때 관찰할 것  → 2026-10-10 20:30
[2026-10-06 12:30:01] · 대기: 진통 시작 신호와 병원 가는 타이밍  → 2026-10-11 20:30
[2026-10-06 12:30:01] · 대기: 신생아 체중이 안 늘 때 볼 것  → 2026-10-12 20:30
[2026-10-06 12:30:01] · 대기: 컵 연습 언제 시작하나요  → 2026-10-14 20:30
[2026-10-06 12:30:01] · 대기: 배꼽 소독 언제까지 하나요  → 2026-10-13 20:30
[2026-10-06 12:30:01] · 대기: 목욕 중 사고, 이 순간을 조심  → 2026-10-15 20:30
[2026-10-06 12:30:01] · 대기: “오늘 뭐 했어?”  → 2026-10-16 20:30
[2026-10-06 12:30:01] · 대기: 예방접종 증명서 발급받는 법  → 2026-10-17 20:30
[2026-10-06 12:30:01] · 대기: 아기 눈곱이 계속 낄 때  → 2026-10-18 20:30
[2026-10-06 12:30:01] · 대기: 아기 첫 신발 고르는 기준  → 2026-10-19 20:30
[2026-10-06 12:30:01] · 대기: 아기 열성경련, 그 순간 해야 할 것  → 2026-10-20 20:30
[2026-10-06 12:30:01] · 대기: 제왕절개 후 회복, 첫 일주일 순서  → 2026-10-21 20:30
[2026-10-06 12:30:01] · 대기: 편식 시작됐을 때 안 통하는 방법  → 2026-10-22 20:30
[2026-10-06 12:30:01] · 대기: 18개월 엄마껌딱지 (재접근기)  → 2026-10-06 20:30
[2026-10-06 12:30:01] 발행 대상 없음
인증: 로컬 설정 파일 사용
[2026-10-06 12:35:01] · 대기: 로션 바르는 타이밍 — 목욕 후 3분  → 2026-10-07 20:30
[2026-10-06 12:35:01] · 대기: 아이 실비보험 가입 시기  → 2026-10-08 20:30
[2026-10-06 12:35:01] · 대기: 초유가 안 나와도 괜찮은 이유  → 2026-10-09 20:30
[2026-10-06 12:35:01] · 대기: 침대에서 떨어졌을 때 관찰할 것  → 2026-10-10 20:30
[2026-10-06 12:35:01] · 대기: 진통 시작 신호와 병원 가는 타이밍  → 2026-10-11 20:30
[2026-10-06 12:35:01] · 대기: 신생아 체중이 안 늘 때 볼 것  → 2026-10-12 20:30
[2026-10-06 12:35:01] · 대기: 컵 연습 언제 시작하나요  → 2026-10-14 20:30
[2026-10-06 12:35:01] · 대기: 배꼽 소독 언제까지 하나요  → 2026-10-13 20:30
[2026-10-06 12:35:01] · 대기: 목욕 중 사고, 이 순간을 조심  → 2026-10-15 20:30
[2026-10-06 12:35:01] · 대기: “오늘 뭐 했어?”  → 2026-10-16 20:30
[2026-10-06 12:35:01] · 대기: 예방접종 증명서 발급받는 법  → 2026-10-17 20:30
[2026-10-06 12:35:01] · 대기: 아기 눈곱이 계속 낄 때  → 2026-10-18 20:30
[2026-10-06 12:35:01] · 대기: 아기 첫 신발 고르는 기준  → 2026-10-19 20:30
[2026-10-06 12:35:01] · 대기: 아기 열성경련, 그 순간 해야 할 것  → 2026-10-20 20:30
[2026-10-06 12:35:01] · 대기: 제왕절개 후 회복, 첫 일주일 순서  → 2026-10-21 20:30
[2026-10-06 12:35:01] · 대기: 편식 시작됐을 때 안 통하는 방법  → 2026-10-22 20:30
[2026-10-06 12:35:01] · 대기: 18개월 엄마껌딱지 (재접근기)  → 2026-10-06 20:30
[2026-10-06 12:35:01] 발행 대상 없음
인증: 로컬 설정 파일 사용
[2026-10-06 12:40:01] · 대기: 로션 바르는 타이밍 — 목욕 후 3분  → 2026-10-07 20:30
[2026-10-06 12:40:01] · 대기: 아이 실비보험 가입 시기  → 2026-10-08 20:30
[2026-10-06 12:40:01] · 대기: 초유가 안 나와도 괜찮은 이유  → 2026-10-09 20:30
[2026-10-06 12:40:01] · 대기: 침대에서 떨어졌을 때 관찰할 것  → 2026-10-10 20:30
[2026-10-06 12:40:01] · 대기: 진통 시작 신호와 병원 가는 타이밍  → 2026-10-11 20:30
[2026-10-06 12:40:01] · 대기: 신생아 체중이 안 늘 때 볼 것  → 2026-10-12 20:30
[2026-10-06 12:40:01] · 대기: 컵 연습 언제 시작하나요  → 2026-10-14 20:30
[2026-10-06 12:40:01] · 대기: 배꼽 소독 언제까지 하나요  → 2026-10-13 20:30
[2026-10-06 12:40:01] · 대기: 목욕 중 사고, 이 순간을 조심  → 2026-10-15 20:30
[2026-10-06 12:40:01] · 대기: “오늘 뭐 했어?”  → 2026-10-16 20:30
[2026-10-06 12:40:01] · 대기: 예방접종 증명서 발급받는 법  → 2026-10-17 20:30
[2026-10-06 12:40:01] · 대기: 아기 눈곱이 계속 낄 때  → 2026-10-18 20:30
[2026-10-06 12:40:01] · 대기: 아기 첫 신발 고르는 기준  → 2026-10-19 20:30
[2026-10-06 12:40:01] · 대기: 아기 열성경련, 그 순간 해야 할 것  → 2026-10-20 20:30
[2026-10-06 12:40:01] · 대기: 제왕절개 후 회복, 첫 일주일 순서  → 2026-10-21 20:30
[2026-10-06 12:40:01] · 대기: 편식 시작됐을 때 안 통하는 방법  → 2026-10-22 20:30
[2026-10-06 12:40:01] · 대기: 18개월 엄마껌딱지 (재접근기)  → 2026-10-06 20:30
[2026-10-06 12:40:01] 발행 대상 없음
인증: 로컬 설정 파일 사용
[2026-10-06 12:45:01] · 대기: 로션 바르는 타이밍 — 목욕 후 3분  → 2026-10-07 20:30
[2026-10-06 12:45:01] · 대기: 아이 실비보험 가입 시기  → 2026-10-08 20:30
[2026-10-06 12:45:01] · 대기: 초유가 안 나와도 괜찮은 이유  → 2026-10-09 20:30
[2026-10-06 12:45:01] · 대기: 침대에서 떨어졌을 때 관찰할 것  → 2026-10-10 20:30
[2026-10-06 12:45:01] · 대기: 진통 시작 신호와 병원 가는 타이밍  → 2026-10-11 20:30
[2026-10-06 12:45:01] · 대기: 신생아 체중이 안 늘 때 볼 것  → 2026-10-12 20:30
[2026-10-06 12:45:01] · 대기: 컵 연습 언제 시작하나요  → 2026-10-14 20:30
[2026-10-06 12:45:01] · 대기: 배꼽 소독 언제까지 하나요  → 2026-10-13 20:30
[2026-10-06 12:45:01] · 대기: 목욕 중 사고, 이 순간을 조심  → 2026-10-15 20:30
[2026-10-06 12:45:01] · 대기: “오늘 뭐 했어?”  → 2026-10-16 20:30
[2026-10-06 12:45:01] · 대기: 예방접종 증명서 발급받는 법  → 2026-10-17 20:30
[2026-10-06 12:45:01] · 대기: 아기 눈곱이 계속 낄 때  → 2026-10-18 20:30
[2026-10-06 12:45:01] · 대기: 아기 첫 신발 고르는 기준  → 2026-10-19 20:30
[2026-10-06 12:45:01] · 대기: 아기 열성경련, 그 순간 해야 할 것  → 2026-10-20 20:30
[2026-10-06 12:45:01] · 대기: 제왕절개 후 회복, 첫 일주일 순서  → 2026-10-21 20:30
[2026-10-06 12:45:01] · 대기: 편식 시작됐을 때 안 통하는 방법  → 2026-10-22 20:30
[2026-10-06 12:45:01] · 대기: 18개월 엄마껌딱지 (재접근기)  → 2026-10-06 20:30
[2026-10-06 12:45:01] 발행 대상 없음
인증: 로컬 설정 파일 사용
[2026-10-06 12:50:00] · 대기: 로션 바르는 타이밍 — 목욕 후 3분  → 2026-10-07 20:30
[2026-10-06 12:50:00] · 대기: 아이 실비보험 가입 시기  → 2026-10-08 20:30
[2026-10-06 12:50:00] · 대기: 초유가 안 나와도 괜찮은 이유  → 2026-10-09 20:30
[2026-10-06 12:50:00] · 대기: 침대에서 떨어졌을 때 관찰할 것  → 2026-10-10 20:30
[2026-10-06 12:50:00] · 대기: 진통 시작 신호와 병원 가는 타이밍  → 2026-10-11 20:30
[2026-10-06 12:50:00] · 대기: 신생아 체중이 안 늘 때 볼 것  → 2026-10-12 20:30
[2026-10-06 12:50:00] · 대기: 컵 연습 언제 시작하나요  → 2026-10-14 20:30
[2026-10-06 12:50:00] · 대기: 배꼽 소독 언제까지 하나요  → 2026-10-13 20:30
[2026-10-06 12:50:00] · 대기: 목욕 중 사고, 이 순간을 조심  → 2026-10-15 20:30
[2026-10-06 12:50:00] · 대기: “오늘 뭐 했어?”  → 2026-10-16 20:30
[2026-10-06 12:50:00] · 대기: 예방접종 증명서 발급받는 법  → 2026-10-17 20:30
[2026-10-06 12:50:00] · 대기: 아기 눈곱이 계속 낄 때  → 2026-10-18 20:30
[2026-10-06 12:50:00] · 대기: 아기 첫 신발 고르는 기준  → 2026-10-19 20:30
[2026-10-06 12:50:00] · 대기: 아기 열성경련, 그 순간 해야 할 것  → 2026-10-20 20:30
[2026-10-06 12:50:00] · 대기: 제왕절개 후 회복, 첫 일주일 순서  → 2026-10-21 20:30
[2026-10-06 12:50:00] · 대기: 편식 시작됐을 때 안 통하는 방법  → 2026-10-22 20:30
[2026-10-06 12:50:00] · 대기: 18개월 엄마껌딱지 (재접근기)  → 2026-10-06 20:30
[2026-10-06 12:50:00] 발행 대상 없음
인증: 로컬 설정 파일 사용
[2026-10-06 12:55:00] · 대기: 로션 바르는 타이밍 — 목욕 후 3분  → 2026-10-07 20:30
[2026-10-06 12:55:00] · 대기: 아이 실비보험 가입 시기  → 2026-10-08 20:30
[2026-10-06 12:55:00] · 대기: 초유가 안 나와도 괜찮은 이유  → 2026-10-09 20:30
[2026-10-06 12:55:00] · 대기: 침대에서 떨어졌을 때 관찰할 것  → 2026-10-10 20:30
[2026-10-06 12:55:00] · 대기: 진통 시작 신호와 병원 가는 타이밍  → 2026-10-11 20:30
[2026-10-06 12:55:00] · 대기: 신생아 체중이 안 늘 때 볼 것  → 2026-10-12 20:30
[2026-10-06 12:55:00] · 대기: 컵 연습 언제 시작하나요  → 2026-10-14 20:30
[2026-10-06 12:55:00] · 대기: 배꼽 소독 언제까지 하나요  → 2026-10-13 20:30
[2026-10-06 12:55:00] · 대기: 목욕 중 사고, 이 순간을 조심  → 2026-10-15 20:30
[2026-10-06 12:55:00] · 대기: “오늘 뭐 했어?”  → 2026-10-16 20:30
[2026-10-06 12:55:00] · 대기: 예방접종 증명서 발급받는 법  → 2026-10-17 20:30
[2026-10-06 12:55:00] · 대기: 아기 눈곱이 계속 낄 때  → 2026-10-18 20:30
[2026-10-06 12:55:00] · 대기: 아기 첫 신발 고르는 기준  → 2026-10-19 20:30
[2026-10-06 12:55:00] · 대기: 아기 열성경련, 그 순간 해야 할 것  → 2026-10-20 20:30
[2026-10-06 12:55:00] · 대기: 제왕절개 후 회복, 첫 일주일 순서  → 2026-10-21 20:30
[2026-10-06 12:55:00] · 대기: 편식 시작됐을 때 안 통하는 방법  → 2026-10-22 20:30
[2026-10-06 12:55:00] · 대기: 18개월 엄마껌딱지 (재접근기)  → 2026-10-06 20:30
[2026-10-06 12:55:00] 발행 대상 없음
인증: 로컬 설정 파일 사용
[2026-10-06 13:00:00] · 대기: 로션 바르는 타이밍 — 목욕 후 3분  → 2026-10-07 20:30
[2026-10-06 13:00:00] · 대기: 아이 실비보험 가입 시기  → 2026-10-08 20:30
[2026-10-06 13:00:00] · 대기: 초유가 안 나와도 괜찮은 이유  → 2026-10-09 20:30
[2026-10-06 13:00:00] · 대기: 침대에서 떨어졌을 때 관찰할 것  → 2026-10-10 20:30
[2026-10-06 13:00:00] · 대기: 진통 시작 신호와 병원 가는 타이밍  → 2026-10-11 20:30
[2026-10-06 13:00:00] · 대기: 신생아 체중이 안 늘 때 볼 것  → 2026-10-12 20:30
[2026-10-06 13:00:00] · 대기: 컵 연습 언제 시작하나요  → 2026-10-14 20:30
[2026-10-06 13:00:00] · 대기: 배꼽 소독 언제까지 하나요  → 2026-10-13 20:30
[2026-10-06 13:00:00] · 대기: 목욕 중 사고, 이 순간을 조심  → 2026-10-15 20:30
[2026-10-06 13:00:00] · 대기: “오늘 뭐 했어?”  → 2026-10-16 20:30
[2026-10-06 13:00:00] · 대기: 예방접종 증명서 발급받는 법  → 2026-10-17 20:30
[2026-10-06 13:00:00] · 대기: 아기 눈곱이 계속 낄 때  → 2026-10-18 20:30
[2026-10-06 13:00:00] · 대기: 아기 첫 신발 고르는 기준  → 2026-10-19 20:30
[2026-10-06 13:00:00] · 대기: 아기 열성경련, 그 순간 해야 할 것  → 2026-10-20 20:30
[2026-10-06 13:00:00] · 대기: 제왕절개 후 회복, 첫 일주일 순서  → 2026-10-21 20:30
[2026-10-06 13:00:00] · 대기: 편식 시작됐을 때 안 통하는 방법  → 2026-10-22 20:30
[2026-10-06 13:00:00] · 대기: 18개월 엄마껌딱지 (재접근기)  → 2026-10-06 20:30
[2026-10-06 13:00:00] 발행 대상 없음
인증: 로컬 설정 파일 사용
계정   : @voar_baby
팔로워 : 7  (팔로잉 25)
게시물 : 38
30일 도달 : 43
평균 저장 : 0
   - 2026-10-05 저장 0 · 도달 1 · 좋아요 0
   - 2026-10-03 저장 0 · 도달 3 · 좋아요 0
   - 2026-10-02 저장 0 · 도달 1 · 좋아요 1
   - 2026-09-30 저장 0 · 도달 1 · 좋아요 0
   - 2026-09-29 저장 0 · 도달 2 · 좋아요 0
   - 2026-09-28 저장 0 · 도달 2 · 좋아요 0
   - 2026-09-27 저장 0 · 도달 2 · 좋아요 0
   - 2026-09-26 저장 0 · 도달 3 · 좋아요 0
   - 2026-09-25 저장 0 · 도달 2 · 좋아요 0
   - 2026-09-24 저장 0 · 도달 3 · 좋아요 0

대시보드에 반영 완료.
인증: 로컬 설정 파일 사용
[2026-10-06 13:05:00] · 대기: 로션 바르는 타이밍 — 목욕 후 3분  → 2026-10-07 20:30
[2026-10-06 13:05:00] · 대기: 아이 실비보험 가입 시기  → 2026-10-08 20:30
[2026-10-06 13:05:00] · 대기: 초유가 안 나와도 괜찮은 이유  → 2026-10-09 20:30
[2026-10-06 13:05:00] · 대기: 침대에서 떨어졌을 때 관찰할 것  → 2026-10-10 20:30
[2026-10-06 13:05:00] · 대기: 진통 시작 신호와 병원 가는 타이밍  → 2026-10-11 20:30
[2026-10-06 13:05:00] · 대기: 신생아 체중이 안 늘 때 볼 것  → 2026-10-12 20:30
[2026-10-06 13:05:00] · 대기: 컵 연습 언제 시작하나요  → 2026-10-14 20:30
[2026-10-06 13:05:00] · 대기: 배꼽 소독 언제까지 하나요  → 2026-10-13 20:30
[2026-10-06 13:05:00] · 대기: 목욕 중 사고, 이 순간을 조심  → 2026-10-15 20:30
[2026-10-06 13:05:00] · 대기: “오늘 뭐 했어?”  → 2026-10-16 20:30
[2026-10-06 13:05:00] · 대기: 예방접종 증명서 발급받는 법  → 2026-10-17 20:30
[2026-10-06 13:05:00] · 대기: 아기 눈곱이 계속 낄 때  → 2026-10-18 20:30
[2026-10-06 13:05:00] · 대기: 아기 첫 신발 고르는 기준  → 2026-10-19 20:30
[2026-10-06 13:05:00] · 대기: 아기 열성경련, 그 순간 해야 할 것  → 2026-10-20 20:30
[2026-10-06 13:05:00] · 대기: 제왕절개 후 회복, 첫 일주일 순서  → 2026-10-21 20:30
[2026-10-06 13:05:00] · 대기: 편식 시작됐을 때 안 통하는 방법  → 2026-10-22 20:30
[2026-10-06 13:05:00] · 대기: 18개월 엄마껌딱지 (재접근기)  → 2026-10-06 20:30
[2026-10-06 13:05:00] 발행 대상 없음
인증: 로컬 설정 파일 사용
[2026-10-06 13:10:00] · 대기: 로션 바르는 타이밍 — 목욕 후 3분  → 2026-10-07 20:30
[2026-10-06 13:10:00] · 대기: 아이 실비보험 가입 시기  → 2026-10-08 20:30
[2026-10-06 13:10:00] · 대기: 초유가 안 나와도 괜찮은 이유  → 2026-10-09 20:30
[2026-10-06 13:10:00] · 대기: 침대에서 떨어졌을 때 관찰할 것  → 2026-10-10 20:30
[2026-10-06 13:10:00] · 대기: 진통 시작 신호와 병원 가는 타이밍  → 2026-10-11 20:30
[2026-10-06 13:10:00] · 대기: 신생아 체중이 안 늘 때 볼 것  → 2026-10-12 20:30
[2026-10-06 13:10:00] · 대기: 컵 연습 언제 시작하나요  → 2026-10-14 20:30
[2026-10-06 13:10:00] · 대기: 배꼽 소독 언제까지 하나요  → 2026-10-13 20:30
[2026-10-06 13:10:00] · 대기: 목욕 중 사고, 이 순간을 조심  → 2026-10-15 20:30
[2026-10-06 13:10:00] · 대기: “오늘 뭐 했어?”  → 2026-10-16 20:30
[2026-10-06 13:10:00] · 대기: 예방접종 증명서 발급받는 법  → 2026-10-17 20:30
[2026-10-06 13:10:00] · 대기: 아기 눈곱이 계속 낄 때  → 2026-10-18 20:30
[2026-10-06 13:10:00] · 대기: 아기 첫 신발 고르는 기준  → 2026-10-19 20:30
[2026-10-06 13:10:00] · 대기: 아기 열성경련, 그 순간 해야 할 것  → 2026-10-20 20:30
[2026-10-06 13:10:00] · 대기: 제왕절개 후 회복, 첫 일주일 순서  → 2026-10-21 20:30
[2026-10-06 13:10:00] · 대기: 편식 시작됐을 때 안 통하는 방법  → 2026-10-22 20:30
[2026-10-06 13:10:00] · 대기: 18개월 엄마껌딱지 (재접근기)  → 2026-10-06 20:30
[2026-10-06 13:10:00] 발행 대상 없음
인증: 로컬 설정 파일 사용
[2026-10-06 13:15:00] · 대기: 로션 바르는 타이밍 — 목욕 후 3분  → 2026-10-07 20:30
[2026-10-06 13:15:00] · 대기: 아이 실비보험 가입 시기  → 2026-10-08 20:30
[2026-10-06 13:15:00] · 대기: 초유가 안 나와도 괜찮은 이유  → 2026-10-09 20:30
[2026-10-06 13:15:00] · 대기: 침대에서 떨어졌을 때 관찰할 것  → 2026-10-10 20:30
[2026-10-06 13:15:00] · 대기: 진통 시작 신호와 병원 가는 타이밍  → 2026-10-11 20:30
[2026-10-06 13:15:00] · 대기: 신생아 체중이 안 늘 때 볼 것  → 2026-10-12 20:30
[2026-10-06 13:15:00] · 대기: 컵 연습 언제 시작하나요  → 2026-10-14 20:30
[2026-10-06 13:15:00] · 대기: 배꼽 소독 언제까지 하나요  → 2026-10-13 20:30
[2026-10-06 13:15:00] · 대기: 목욕 중 사고, 이 순간을 조심  → 2026-10-15 20:30
[2026-10-06 13:15:00] · 대기: “오늘 뭐 했어?”  → 2026-10-16 20:30
[2026-10-06 13:15:00] · 대기: 예방접종 증명서 발급받는 법  → 2026-10-17 20:30
[2026-10-06 13:15:00] · 대기: 아기 눈곱이 계속 낄 때  → 2026-10-18 20:30
[2026-10-06 13:15:00] · 대기: 아기 첫 신발 고르는 기준  → 2026-10-19 20:30
[2026-10-06 13:15:00] · 대기: 아기 열성경련, 그 순간 해야 할 것  → 2026-10-20 20:30
[2026-10-06 13:15:00] · 대기: 제왕절개 후 회복, 첫 일주일 순서  → 2026-10-21 20:30
[2026-10-06 13:15:00] · 대기: 편식 시작됐을 때 안 통하는 방법  → 2026-10-22 20:30
[2026-10-06 13:15:00] · 대기: 18개월 엄마껌딱지 (재접근기)  → 2026-10-06 20:30
[2026-10-06 13:15:00] 발행 대상 없음
인증: 로컬 설정 파일 사용
[2026-10-06 13:20:00] · 대기: 로션 바르는 타이밍 — 목욕 후 3분  → 2026-10-07 20:30
[2026-10-06 13:20:00] · 대기: 아이 실비보험 가입 시기  → 2026-10-08 20:30
[2026-10-06 13:20:00] · 대기: 초유가 안 나와도 괜찮은 이유  → 2026-10-09 20:30
[2026-10-06 13:20:00] · 대기: 침대에서 떨어졌을 때 관찰할 것  → 2026-10-10 20:30
[2026-10-06 13:20:00] · 대기: 진통 시작 신호와 병원 가는 타이밍  → 2026-10-11 20:30
[2026-10-06 13:20:00] · 대기: 신생아 체중이 안 늘 때 볼 것  → 2026-10-12 20:30
[2026-10-06 13:20:00] · 대기: 컵 연습 언제 시작하나요  → 2026-10-14 20:30
[2026-10-06 13:20:00] · 대기: 배꼽 소독 언제까지 하나요  → 2026-10-13 20:30
[2026-10-06 13:20:00] · 대기: 목욕 중 사고, 이 순간을 조심  → 2026-10-15 20:30
[2026-10-06 13:20:00] · 대기: “오늘 뭐 했어?”  → 2026-10-16 20:30
[2026-10-06 13:20:00] · 대기: 예방접종 증명서 발급받는 법  → 2026-10-17 20:30
[2026-10-06 13:20:00] · 대기: 아기 눈곱이 계속 낄 때  → 2026-10-18 20:30
[2026-10-06 13:20:00] · 대기: 아기 첫 신발 고르는 기준  → 2026-10-19 20:30
[2026-10-06 13:20:00] · 대기: 아기 열성경련, 그 순간 해야 할 것  → 2026-10-20 20:30
[2026-10-06 13:20:00] · 대기: 제왕절개 후 회복, 첫 일주일 순서  → 2026-10-21 20:30
[2026-10-06 13:20:00] · 대기: 편식 시작됐을 때 안 통하는 방법  → 2026-10-22 20:30
[2026-10-06 13:20:00] · 대기: 18개월 엄마껌딱지 (재접근기)  → 2026-10-06 20:30
[2026-10-06 13:20:00] 발행 대상 없음
인증: 로컬 설정 파일 사용
[2026-10-06 13:25:00] · 대기: 로션 바르는 타이밍 — 목욕 후 3분  → 2026-10-07 20:30
[2026-10-06 13:25:00] · 대기: 아이 실비보험 가입 시기  → 2026-10-08 20:30
[2026-10-06 13:25:00] · 대기: 초유가 안 나와도 괜찮은 이유  → 2026-10-09 20:30
[2026-10-06 13:25:00] · 대기: 침대에서 떨어졌을 때 관찰할 것  → 2026-10-10 20:30
[2026-10-06 13:25:00] · 대기: 진통 시작 신호와 병원 가는 타이밍  → 2026-10-11 20:30
[2026-10-06 13:25:00] · 대기: 신생아 체중이 안 늘 때 볼 것  → 2026-10-12 20:30
[2026-10-06 13:25:00] · 대기: 컵 연습 언제 시작하나요  → 2026-10-14 20:30
[2026-10-06 13:25:00] · 대기: 배꼽 소독 언제까지 하나요  → 2026-10-13 20:30
[2026-10-06 13:25:00] · 대기: 목욕 중 사고, 이 순간을 조심  → 2026-10-15 20:30
[2026-10-06 13:25:00] · 대기: “오늘 뭐 했어?”  → 2026-10-16 20:30
[2026-10-06 13:25:00] · 대기: 예방접종 증명서 발급받는 법  → 2026-10-17 20:30
[2026-10-06 13:25:00] · 대기: 아기 눈곱이 계속 낄 때  → 2026-10-18 20:30
[2026-10-06 13:25:00] · 대기: 아기 첫 신발 고르는 기준  → 2026-10-19 20:30
[2026-10-06 13:25:00] · 대기: 아기 열성경련, 그 순간 해야 할 것  → 2026-10-20 20:30
[2026-10-06 13:25:00] · 대기: 제왕절개 후 회복, 첫 일주일 순서  → 2026-10-21 20:30
[2026-10-06 13:25:00] · 대기: 편식 시작됐을 때 안 통하는 방법  → 2026-10-22 20:30
[2026-10-06 13:25:00] · 대기: 18개월 엄마껌딱지 (재접근기)  → 2026-10-06 20:30
[2026-10-06 13:25:00] 발행 대상 없음
인증: 로컬 설정 파일 사용
[2026-10-06 13:30:00] · 대기: 로션 바르는 타이밍 — 목욕 후 3분  → 2026-10-07 20:30
[2026-10-06 13:30:00] · 대기: 아이 실비보험 가입 시기  → 2026-10-08 20:30
[2026-10-06 13:30:00] · 대기: 초유가 안 나와도 괜찮은 이유  → 2026-10-09 20:30
[2026-10-06 13:30:00] · 대기: 침대에서 떨어졌을 때 관찰할 것  → 2026-10-10 20:30
[2026-10-06 13:30:00] · 대기: 진통 시작 신호와 병원 가는 타이밍  → 2026-10-11 20:30
[2026-10-06 13:30:00] · 대기: 신생아 체중이 안 늘 때 볼 것  → 2026-10-12 20:30
[2026-10-06 13:30:00] · 대기: 컵 연습 언제 시작하나요  → 2026-10-14 20:30
[2026-10-06 13:30:00] · 대기: 배꼽 소독 언제까지 하나요  → 2026-10-13 20:30
[2026-10-06 13:30:00] · 대기: 목욕 중 사고, 이 순간을 조심  → 2026-10-15 20:30
[2026-10-06 13:30:00] · 대기: “오늘 뭐 했어?”  → 2026-10-16 20:30
[2026-10-06 13:30:00] · 대기: 예방접종 증명서 발급받는 법  → 2026-10-17 20:30
[2026-10-06 13:30:00] · 대기: 아기 눈곱이 계속 낄 때  → 2026-10-18 20:30
[2026-10-06 13:30:00] · 대기: 아기 첫 신발 고르는 기준  → 2026-10-19 20:30
[2026-10-06 13:30:00] · 대기: 아기 열성경련, 그 순간 해야 할 것  → 2026-10-20 20:30
[2026-10-06 13:30:00] · 대기: 제왕절개 후 회복, 첫 일주일 순서  → 2026-10-21 20:30
[2026-10-06 13:30:00] · 대기: 편식 시작됐을 때 안 통하는 방법  → 2026-10-22 20:30
[2026-10-06 13:30:00] · 대기: 18개월 엄마껌딱지 (재접근기)  → 2026-10-06 20:30
[2026-10-06 13:30:00] 발행 대상 없음
인증: 로컬 설정 파일 사용
[2026-10-06 13:35:00] · 대기: 로션 바르는 타이밍 — 목욕 후 3분  → 2026-10-07 20:30
[2026-10-06 13:35:00] · 대기: 아이 실비보험 가입 시기  → 2026-10-08 20:30
[2026-10-06 13:35:00] · 대기: 초유가 안 나와도 괜찮은 이유  → 2026-10-09 20:30
[2026-10-06 13:35:00] · 대기: 침대에서 떨어졌을 때 관찰할 것  → 2026-10-10 20:30
[2026-10-06 13:35:00] · 대기: 진통 시작 신호와 병원 가는 타이밍  → 2026-10-11 20:30
[2026-10-06 13:35:00] · 대기: 신생아 체중이 안 늘 때 볼 것  → 2026-10-12 20:30
[2026-10-06 13:35:00] · 대기: 컵 연습 언제 시작하나요  → 2026-10-14 20:30
[2026-10-06 13:35:00] · 대기: 배꼽 소독 언제까지 하나요  → 2026-10-13 20:30
[2026-10-06 13:35:00] · 대기: 목욕 중 사고, 이 순간을 조심  → 2026-10-15 20:30
[2026-10-06 13:35:00] · 대기: “오늘 뭐 했어?”  → 2026-10-16 20:30
[2026-10-06 13:35:00] · 대기: 예방접종 증명서 발급받는 법  → 2026-10-17 20:30
[2026-10-06 13:35:00] · 대기: 아기 눈곱이 계속 낄 때  → 2026-10-18 20:30
[2026-10-06 13:35:00] · 대기: 아기 첫 신발 고르는 기준  → 2026-10-19 20:30
[2026-10-06 13:35:00] · 대기: 아기 열성경련, 그 순간 해야 할 것  → 2026-10-20 20:30
[2026-10-06 13:35:00] · 대기: 제왕절개 후 회복, 첫 일주일 순서  → 2026-10-21 20:30
[2026-10-06 13:35:00] · 대기: 편식 시작됐을 때 안 통하는 방법  → 2026-10-22 20:30
[2026-10-06 13:35:00] · 대기: 18개월 엄마껌딱지 (재접근기)  → 2026-10-06 20:30
[2026-10-06 13:35:00] 발행 대상 없음
인증: 로컬 설정 파일 사용
[2026-10-06 13:40:00] · 대기: 로션 바르는 타이밍 — 목욕 후 3분  → 2026-10-07 20:30
[2026-10-06 13:40:00] · 대기: 아이 실비보험 가입 시기  → 2026-10-08 20:30
[2026-10-06 13:40:00] · 대기: 초유가 안 나와도 괜찮은 이유  → 2026-10-09 20:30
[2026-10-06 13:40:00] · 대기: 침대에서 떨어졌을 때 관찰할 것  → 2026-10-10 20:30
[2026-10-06 13:40:00] · 대기: 진통 시작 신호와 병원 가는 타이밍  → 2026-10-11 20:30
[2026-10-06 13:40:00] · 대기: 신생아 체중이 안 늘 때 볼 것  → 2026-10-12 20:30
[2026-10-06 13:40:00] · 대기: 컵 연습 언제 시작하나요  → 2026-10-14 20:30
[2026-10-06 13:40:00] · 대기: 배꼽 소독 언제까지 하나요  → 2026-10-13 20:30
[2026-10-06 13:40:00] · 대기: 목욕 중 사고, 이 순간을 조심  → 2026-10-15 20:30
[2026-10-06 13:40:00] · 대기: “오늘 뭐 했어?”  → 2026-10-16 20:30
[2026-10-06 13:40:00] · 대기: 예방접종 증명서 발급받는 법  → 2026-10-17 20:30
[2026-10-06 13:40:00] · 대기: 아기 눈곱이 계속 낄 때  → 2026-10-18 20:30
[2026-10-06 13:40:00] · 대기: 아기 첫 신발 고르는 기준  → 2026-10-19 20:30
[2026-10-06 13:40:00] · 대기: 아기 열성경련, 그 순간 해야 할 것  → 2026-10-20 20:30
[2026-10-06 13:40:00] · 대기: 제왕절개 후 회복, 첫 일주일 순서  → 2026-10-21 20:30
[2026-10-06 13:40:00] · 대기: 편식 시작됐을 때 안 통하는 방법  → 2026-10-22 20:30
[2026-10-06 13:40:00] · 대기: 18개월 엄마껌딱지 (재접근기)  → 2026-10-06 20:30
[2026-10-06 13:40:00] 발행 대상 없음
인증: 로컬 설정 파일 사용
[2026-10-06 13:45:00] · 대기: 로션 바르는 타이밍 — 목욕 후 3분  → 2026-10-07 20:30
[2026-10-06 13:45:00] · 대기: 아이 실비보험 가입 시기  → 2026-10-08 20:30
[2026-10-06 13:45:00] · 대기: 초유가 안 나와도 괜찮은 이유  → 2026-10-09 20:30
[2026-10-06 13:45:00] · 대기: 침대에서 떨어졌을 때 관찰할 것  → 2026-10-10 20:30
[2026-10-06 13:45:00] · 대기: 진통 시작 신호와 병원 가는 타이밍  → 2026-10-11 20:30
[2026-10-06 13:45:00] · 대기: 신생아 체중이 안 늘 때 볼 것  → 2026-10-12 20:30
[2026-10-06 13:45:00] · 대기: 컵 연습 언제 시작하나요  → 2026-10-14 20:30
[2026-10-06 13:45:00] · 대기: 배꼽 소독 언제까지 하나요  → 2026-10-13 20:30
[2026-10-06 13:45:00] · 대기: 목욕 중 사고, 이 순간을 조심  → 2026-10-15 20:30
[2026-10-06 13:45:00] · 대기: “오늘 뭐 했어?”  → 2026-10-16 20:30
[2026-10-06 13:45:00] · 대기: 예방접종 증명서 발급받는 법  → 2026-10-17 20:30
[2026-10-06 13:45:00] · 대기: 아기 눈곱이 계속 낄 때  → 2026-10-18 20:30
[2026-10-06 13:45:00] · 대기: 아기 첫 신발 고르는 기준  → 2026-10-19 20:30
[2026-10-06 13:45:00] · 대기: 아기 열성경련, 그 순간 해야 할 것  → 2026-10-20 20:30
[2026-10-06 13:45:00] · 대기: 제왕절개 후 회복, 첫 일주일 순서  → 2026-10-21 20:30
[2026-10-06 13:45:00] · 대기: 편식 시작됐을 때 안 통하는 방법  → 2026-10-22 20:30
[2026-10-06 13:45:00] · 대기: 18개월 엄마껌딱지 (재접근기)  → 2026-10-06 20:30
[2026-10-06 13:45:00] 발행 대상 없음
인증: 로컬 설정 파일 사용
[2026-10-06 13:50:00] · 대기: 로션 바르는 타이밍 — 목욕 후 3분  → 2026-10-07 20:30
[2026-10-06 13:50:00] · 대기: 아이 실비보험 가입 시기  → 2026-10-08 20:30
[2026-10-06 13:50:00] · 대기: 초유가 안 나와도 괜찮은 이유  → 2026-10-09 20:30
[2026-10-06 13:50:00] · 대기: 침대에서 떨어졌을 때 관찰할 것  → 2026-10-10 20:30
[2026-10-06 13:50:00] · 대기: 진통 시작 신호와 병원 가는 타이밍  → 2026-10-11 20:30
[2026-10-06 13:50:00] · 대기: 신생아 체중이 안 늘 때 볼 것  → 2026-10-12 20:30
[2026-10-06 13:50:00] · 대기: 컵 연습 언제 시작하나요  → 2026-10-14 20:30
[2026-10-06 13:50:00] · 대기: 배꼽 소독 언제까지 하나요  → 2026-10-13 20:30
[2026-10-06 13:50:00] · 대기: 목욕 중 사고, 이 순간을 조심  → 2026-10-15 20:30
[2026-10-06 13:50:00] · 대기: “오늘 뭐 했어?”  → 2026-10-16 20:30
[2026-10-06 13:50:00] · 대기: 예방접종 증명서 발급받는 법  → 2026-10-17 20:30
[2026-10-06 13:50:00] · 대기: 아기 눈곱이 계속 낄 때  → 2026-10-18 20:30
[2026-10-06 13:50:00] · 대기: 아기 첫 신발 고르는 기준  → 2026-10-19 20:30
[2026-10-06 13:50:00] · 대기: 아기 열성경련, 그 순간 해야 할 것  → 2026-10-20 20:30
[2026-10-06 13:50:00] · 대기: 제왕절개 후 회복, 첫 일주일 순서  → 2026-10-21 20:30
[2026-10-06 13:50:00] · 대기: 편식 시작됐을 때 안 통하는 방법  → 2026-10-22 20:30
[2026-10-06 13:50:00] · 대기: 18개월 엄마껌딱지 (재접근기)  → 2026-10-06 20:30
[2026-10-06 13:50:00] 발행 대상 없음
인증: 로컬 설정 파일 사용
[2026-10-06 13:55:00] · 대기: 로션 바르는 타이밍 — 목욕 후 3분  → 2026-10-07 20:30
[2026-10-06 13:55:00] · 대기: 아이 실비보험 가입 시기  → 2026-10-08 20:30
[2026-10-06 13:55:00] · 대기: 초유가 안 나와도 괜찮은 이유  → 2026-10-09 20:30
[2026-10-06 13:55:00] · 대기: 침대에서 떨어졌을 때 관찰할 것  → 2026-10-10 20:30
[2026-10-06 13:55:00] · 대기: 진통 시작 신호와 병원 가는 타이밍  → 2026-10-11 20:30
[2026-10-06 13:55:00] · 대기: 신생아 체중이 안 늘 때 볼 것  → 2026-10-12 20:30
[2026-10-06 13:55:00] · 대기: 컵 연습 언제 시작하나요  → 2026-10-14 20:30
[2026-10-06 13:55:00] · 대기: 배꼽 소독 언제까지 하나요  → 2026-10-13 20:30
[2026-10-06 13:55:00] · 대기: 목욕 중 사고, 이 순간을 조심  → 2026-10-15 20:30
[2026-10-06 13:55:00] · 대기: “오늘 뭐 했어?”  → 2026-10-16 20:30
[2026-10-06 13:55:00] · 대기: 예방접종 증명서 발급받는 법  → 2026-10-17 20:30
[2026-10-06 13:55:00] · 대기: 아기 눈곱이 계속 낄 때  → 2026-10-18 20:30
[2026-10-06 13:55:00] · 대기: 아기 첫 신발 고르는 기준  → 2026-10-19 20:30
[2026-10-06 13:55:00] · 대기: 아기 열성경련, 그 순간 해야 할 것  → 2026-10-20 20:30
[2026-10-06 13:55:00] · 대기: 제왕절개 후 회복, 첫 일주일 순서  → 2026-10-21 20:30
[2026-10-06 13:55:00] · 대기: 편식 시작됐을 때 안 통하는 방법  → 2026-10-22 20:30
[2026-10-06 13:55:00] · 대기: 18개월 엄마껌딱지 (재접근기)  → 2026-10-06 20:30
[2026-10-06 13:55:00] 발행 대상 없음
인증: 로컬 설정 파일 사용
[2026-10-06 14:00:00] · 대기: 로션 바르는 타이밍 — 목욕 후 3분  → 2026-10-07 20:30
[2026-10-06 14:00:00] · 대기: 아이 실비보험 가입 시기  → 2026-10-08 20:30
[2026-10-06 14:00:00] · 대기: 초유가 안 나와도 괜찮은 이유  → 2026-10-09 20:30
[2026-10-06 14:00:00] · 대기: 침대에서 떨어졌을 때 관찰할 것  → 2026-10-10 20:30
[2026-10-06 14:00:00] · 대기: 진통 시작 신호와 병원 가는 타이밍  → 2026-10-11 20:30
[2026-10-06 14:00:00] · 대기: 신생아 체중이 안 늘 때 볼 것  → 2026-10-12 20:30
[2026-10-06 14:00:00] · 대기: 컵 연습 언제 시작하나요  → 2026-10-14 20:30
[2026-10-06 14:00:00] · 대기: 배꼽 소독 언제까지 하나요  → 2026-10-13 20:30
[2026-10-06 14:00:00] · 대기: 목욕 중 사고, 이 순간을 조심  → 2026-10-15 20:30
[2026-10-06 14:00:00] · 대기: “오늘 뭐 했어?”  → 2026-10-16 20:30
[2026-10-06 14:00:00] · 대기: 예방접종 증명서 발급받는 법  → 2026-10-17 20:30
[2026-10-06 14:00:00] · 대기: 아기 눈곱이 계속 낄 때  → 2026-10-18 20:30
[2026-10-06 14:00:00] · 대기: 아기 첫 신발 고르는 기준  → 2026-10-19 20:30
[2026-10-06 14:00:00] · 대기: 아기 열성경련, 그 순간 해야 할 것  → 2026-10-20 20:30
[2026-10-06 14:00:00] · 대기: 제왕절개 후 회복, 첫 일주일 순서  → 2026-10-21 20:30
[2026-10-06 14:00:00] · 대기: 편식 시작됐을 때 안 통하는 방법  → 2026-10-22 20:30
[2026-10-06 14:00:00] · 대기: 18개월 엄마껌딱지 (재접근기)  → 2026-10-06 20:30
[2026-10-06 14:00:00] 발행 대상 없음
인증: 로컬 설정 파일 사용
[2026-10-06 14:05:00] · 대기: 로션 바르는 타이밍 — 목욕 후 3분  → 2026-10-07 20:30
[2026-10-06 14:05:00] · 대기: 아이 실비보험 가입 시기  → 2026-10-08 20:30
[2026-10-06 14:05:00] · 대기: 초유가 안 나와도 괜찮은 이유  → 2026-10-09 20:30
[2026-10-06 14:05:00] · 대기: 침대에서 떨어졌을 때 관찰할 것  → 2026-10-10 20:30
[2026-10-06 14:05:00] · 대기: 진통 시작 신호와 병원 가는 타이밍  → 2026-10-11 20:30
[2026-10-06 14:05:00] · 대기: 신생아 체중이 안 늘 때 볼 것  → 2026-10-12 20:30
[2026-10-06 14:05:00] · 대기: 컵 연습 언제 시작하나요  → 2026-10-14 20:30
[2026-10-06 14:05:00] · 대기: 배꼽 소독 언제까지 하나요  → 2026-10-13 20:30
[2026-10-06 14:05:00] · 대기: 목욕 중 사고, 이 순간을 조심  → 2026-10-15 20:30
[2026-10-06 14:05:00] · 대기: “오늘 뭐 했어?”  → 2026-10-16 20:30
[2026-10-06 14:05:00] · 대기: 예방접종 증명서 발급받는 법  → 2026-10-17 20:30
[2026-10-06 14:05:00] · 대기: 아기 눈곱이 계속 낄 때  → 2026-10-18 20:30
[2026-10-06 14:05:00] · 대기: 아기 첫 신발 고르는 기준  → 2026-10-19 20:30
[2026-10-06 14:05:00] · 대기: 아기 열성경련, 그 순간 해야 할 것  → 2026-10-20 20:30
[2026-10-06 14:05:00] · 대기: 제왕절개 후 회복, 첫 일주일 순서  → 2026-10-21 20:30
[2026-10-06 14:05:00] · 대기: 편식 시작됐을 때 안 통하는 방법  → 2026-10-22 20:30
[2026-10-06 14:05:00] · 대기: 18개월 엄마껌딱지 (재접근기)  → 2026-10-06 20:30
[2026-10-06 14:05:00] 발행 대상 없음
인증: 로컬 설정 파일 사용
[2026-10-06 14:10:00] · 대기: 로션 바르는 타이밍 — 목욕 후 3분  → 2026-10-07 20:30
[2026-10-06 14:10:00] · 대기: 아이 실비보험 가입 시기  → 2026-10-08 20:30
[2026-10-06 14:10:00] · 대기: 초유가 안 나와도 괜찮은 이유  → 2026-10-09 20:30
[2026-10-06 14:10:00] · 대기: 침대에서 떨어졌을 때 관찰할 것  → 2026-10-10 20:30
[2026-10-06 14:10:00] · 대기: 진통 시작 신호와 병원 가는 타이밍  → 2026-10-11 20:30
[2026-10-06 14:10:00] · 대기: 신생아 체중이 안 늘 때 볼 것  → 2026-10-12 20:30
[2026-10-06 14:10:00] · 대기: 컵 연습 언제 시작하나요  → 2026-10-14 20:30
[2026-10-06 14:10:00] · 대기: 배꼽 소독 언제까지 하나요  → 2026-10-13 20:30
[2026-10-06 14:10:00] · 대기: 목욕 중 사고, 이 순간을 조심  → 2026-10-15 20:30
[2026-10-06 14:10:00] · 대기: “오늘 뭐 했어?”  → 2026-10-16 20:30
[2026-10-06 14:10:00] · 대기: 예방접종 증명서 발급받는 법  → 2026-10-17 20:30
[2026-10-06 14:10:00] · 대기: 아기 눈곱이 계속 낄 때  → 2026-10-18 20:30
[2026-10-06 14:10:00] · 대기: 아기 첫 신발 고르는 기준  → 2026-10-19 20:30
[2026-10-06 14:10:00] · 대기: 아기 열성경련, 그 순간 해야 할 것  → 2026-10-20 20:30
[2026-10-06 14:10:00] · 대기: 제왕절개 후 회복, 첫 일주일 순서  → 2026-10-21 20:30
[2026-10-06 14:10:00] · 대기: 편식 시작됐을 때 안 통하는 방법  → 2026-10-22 20:30
[2026-10-06 14:10:00] · 대기: 18개월 엄마껌딱지 (재접근기)  → 2026-10-06 20:30
[2026-10-06 14:10:00] 발행 대상 없음
인증: 로컬 설정 파일 사용
[2026-10-06 14:15:00] · 대기: 로션 바르는 타이밍 — 목욕 후 3분  → 2026-10-07 20:30
[2026-10-06 14:15:00] · 대기: 아이 실비보험 가입 시기  → 2026-10-08 20:30
[2026-10-06 14:15:00] · 대기: 초유가 안 나와도 괜찮은 이유  → 2026-10-09 20:30
[2026-10-06 14:15:00] · 대기: 침대에서 떨어졌을 때 관찰할 것  → 2026-10-10 20:30
[2026-10-06 14:15:00] · 대기: 진통 시작 신호와 병원 가는 타이밍  → 2026-10-11 20:30
[2026-10-06 14:15:00] · 대기: 신생아 체중이 안 늘 때 볼 것  → 2026-10-12 20:30
[2026-10-06 14:15:00] · 대기: 컵 연습 언제 시작하나요  → 2026-10-14 20:30
[2026-10-06 14:15:00] · 대기: 배꼽 소독 언제까지 하나요  → 2026-10-13 20:30
[2026-10-06 14:15:00] · 대기: 목욕 중 사고, 이 순간을 조심  → 2026-10-15 20:30
[2026-10-06 14:15:00] · 대기: “오늘 뭐 했어?”  → 2026-10-16 20:30
[2026-10-06 14:15:00] · 대기: 예방접종 증명서 발급받는 법  → 2026-10-17 20:30
[2026-10-06 14:15:00] · 대기: 아기 눈곱이 계속 낄 때  → 2026-10-18 20:30
[2026-10-06 14:15:00] · 대기: 아기 첫 신발 고르는 기준  → 2026-10-19 20:30
[2026-10-06 14:15:00] · 대기: 아기 열성경련, 그 순간 해야 할 것  → 2026-10-20 20:30
[2026-10-06 14:15:00] · 대기: 제왕절개 후 회복, 첫 일주일 순서  → 2026-10-21 20:30
[2026-10-06 14:15:00] · 대기: 편식 시작됐을 때 안 통하는 방법  → 2026-10-22 20:30
[2026-10-06 14:15:00] · 대기: 18개월 엄마껌딱지 (재접근기)  → 2026-10-06 20:30
[2026-10-06 14:15:00] 발행 대상 없음
인증: 로컬 설정 파일 사용
[2026-10-06 14:20:00] · 대기: 로션 바르는 타이밍 — 목욕 후 3분  → 2026-10-07 20:30
[2026-10-06 14:20:00] · 대기: 아이 실비보험 가입 시기  → 2026-10-08 20:30
[2026-10-06 14:20:00] · 대기: 초유가 안 나와도 괜찮은 이유  → 2026-10-09 20:30
[2026-10-06 14:20:00] · 대기: 침대에서 떨어졌을 때 관찰할 것  → 2026-10-10 20:30
[2026-10-06 14:20:00] · 대기: 진통 시작 신호와 병원 가는 타이밍  → 2026-10-11 20:30
[2026-10-06 14:20:00] · 대기: 신생아 체중이 안 늘 때 볼 것  → 2026-10-12 20:30
[2026-10-06 14:20:00] · 대기: 컵 연습 언제 시작하나요  → 2026-10-14 20:30
[2026-10-06 14:20:00] · 대기: 배꼽 소독 언제까지 하나요  → 2026-10-13 20:30
[2026-10-06 14:20:00] · 대기: 목욕 중 사고, 이 순간을 조심  → 2026-10-15 20:30
[2026-10-06 14:20:00] · 대기: “오늘 뭐 했어?”  → 2026-10-16 20:30
[2026-10-06 14:20:00] · 대기: 예방접종 증명서 발급받는 법  → 2026-10-17 20:30
[2026-10-06 14:20:00] · 대기: 아기 눈곱이 계속 낄 때  → 2026-10-18 20:30
[2026-10-06 14:20:00] · 대기: 아기 첫 신발 고르는 기준  → 2026-10-19 20:30
[2026-10-06 14:20:00] · 대기: 아기 열성경련, 그 순간 해야 할 것  → 2026-10-20 20:30
[2026-10-06 14:20:00] · 대기: 제왕절개 후 회복, 첫 일주일 순서  → 2026-10-21 20:30
[2026-10-06 14:20:00] · 대기: 편식 시작됐을 때 안 통하는 방법  → 2026-10-22 20:30
[2026-10-06 14:20:00] · 대기: 18개월 엄마껌딱지 (재접근기)  → 2026-10-06 20:30
[2026-10-06 14:20:00] 발행 대상 없음
인증: 로컬 설정 파일 사용
[2026-10-06 14:25:00] · 대기: 로션 바르는 타이밍 — 목욕 후 3분  → 2026-10-07 20:30
[2026-10-06 14:25:00] · 대기: 아이 실비보험 가입 시기  → 2026-10-08 20:30
[2026-10-06 14:25:00] · 대기: 초유가 안 나와도 괜찮은 이유  → 2026-10-09 20:30
[2026-10-06 14:25:00] · 대기: 침대에서 떨어졌을 때 관찰할 것  → 2026-10-10 20:30
[2026-10-06 14:25:00] · 대기: 진통 시작 신호와 병원 가는 타이밍  → 2026-10-11 20:30
[2026-10-06 14:25:00] · 대기: 신생아 체중이 안 늘 때 볼 것  → 2026-10-12 20:30
[2026-10-06 14:25:00] · 대기: 컵 연습 언제 시작하나요  → 2026-10-14 20:30
[2026-10-06 14:25:00] · 대기: 배꼽 소독 언제까지 하나요  → 2026-10-13 20:30
[2026-10-06 14:25:00] · 대기: 목욕 중 사고, 이 순간을 조심  → 2026-10-15 20:30
[2026-10-06 14:25:00] · 대기: “오늘 뭐 했어?”  → 2026-10-16 20:30
[2026-10-06 14:25:00] · 대기: 예방접종 증명서 발급받는 법  → 2026-10-17 20:30
[2026-10-06 14:25:00] · 대기: 아기 눈곱이 계속 낄 때  → 2026-10-18 20:30
[2026-10-06 14:25:00] · 대기: 아기 첫 신발 고르는 기준  → 2026-10-19 20:30
[2026-10-06 14:25:00] · 대기: 아기 열성경련, 그 순간 해야 할 것  → 2026-10-20 20:30
[2026-10-06 14:25:00] · 대기: 제왕절개 후 회복, 첫 일주일 순서  → 2026-10-21 20:30
[2026-10-06 14:25:00] · 대기: 편식 시작됐을 때 안 통하는 방법  → 2026-10-22 20:30
[2026-10-06 14:25:00] · 대기: 18개월 엄마껌딱지 (재접근기)  → 2026-10-06 20:30
[2026-10-06 14:25:00] 발행 대상 없음
인증: 로컬 설정 파일 사용
[2026-10-06 14:30:00] · 대기: 로션 바르는 타이밍 — 목욕 후 3분  → 2026-10-07 20:30
[2026-10-06 14:30:00] · 대기: 아이 실비보험 가입 시기  → 2026-10-08 20:30
[2026-10-06 14:30:00] · 대기: 초유가 안 나와도 괜찮은 이유  → 2026-10-09 20:30
[2026-10-06 14:30:00] · 대기: 침대에서 떨어졌을 때 관찰할 것  → 2026-10-10 20:30
[2026-10-06 14:30:00] · 대기: 진통 시작 신호와 병원 가는 타이밍  → 2026-10-11 20:30
[2026-10-06 14:30:00] · 대기: 신생아 체중이 안 늘 때 볼 것  → 2026-10-12 20:30
[2026-10-06 14:30:00] · 대기: 컵 연습 언제 시작하나요  → 2026-10-14 20:30
[2026-10-06 14:30:00] · 대기: 배꼽 소독 언제까지 하나요  → 2026-10-13 20:30
[2026-10-06 14:30:00] · 대기: 목욕 중 사고, 이 순간을 조심  → 2026-10-15 20:30
[2026-10-06 14:30:00] · 대기: “오늘 뭐 했어?”  → 2026-10-16 20:30
[2026-10-06 14:30:00] · 대기: 예방접종 증명서 발급받는 법  → 2026-10-17 20:30
[2026-10-06 14:30:00] · 대기: 아기 눈곱이 계속 낄 때  → 2026-10-18 20:30
[2026-10-06 14:30:00] · 대기: 아기 첫 신발 고르는 기준  → 2026-10-19 20:30
[2026-10-06 14:30:00] · 대기: 아기 열성경련, 그 순간 해야 할 것  → 2026-10-20 20:30
[2026-10-06 14:30:00] · 대기: 제왕절개 후 회복, 첫 일주일 순서  → 2026-10-21 20:30
[2026-10-06 14:30:00] · 대기: 편식 시작됐을 때 안 통하는 방법  → 2026-10-22 20:30
[2026-10-06 14:30:00] · 대기: 18개월 엄마껌딱지 (재접근기)  → 2026-10-06 20:30
[2026-10-06 14:30:00] 발행 대상 없음
인증: 로컬 설정 파일 사용
[2026-10-06 14:35:00] · 대기: 로션 바르는 타이밍 — 목욕 후 3분  → 2026-10-07 20:30
[2026-10-06 14:35:00] · 대기: 아이 실비보험 가입 시기  → 2026-10-08 20:30
[2026-10-06 14:35:00] · 대기: 초유가 안 나와도 괜찮은 이유  → 2026-10-09 20:30
[2026-10-06 14:35:00] · 대기: 침대에서 떨어졌을 때 관찰할 것  → 2026-10-10 20:30
[2026-10-06 14:35:00] · 대기: 진통 시작 신호와 병원 가는 타이밍  → 2026-10-11 20:30
[2026-10-06 14:35:00] · 대기: 신생아 체중이 안 늘 때 볼 것  → 2026-10-12 20:30
[2026-10-06 14:35:00] · 대기: 컵 연습 언제 시작하나요  → 2026-10-14 20:30
[2026-10-06 14:35:00] · 대기: 배꼽 소독 언제까지 하나요  → 2026-10-13 20:30
[2026-10-06 14:35:00] · 대기: 목욕 중 사고, 이 순간을 조심  → 2026-10-15 20:30
[2026-10-06 14:35:00] · 대기: “오늘 뭐 했어?”  → 2026-10-16 20:30
[2026-10-06 14:35:00] · 대기: 예방접종 증명서 발급받는 법  → 2026-10-17 20:30
[2026-10-06 14:35:00] · 대기: 아기 눈곱이 계속 낄 때  → 2026-10-18 20:30
[2026-10-06 14:35:00] · 대기: 아기 첫 신발 고르는 기준  → 2026-10-19 20:30
[2026-10-06 14:35:00] · 대기: 아기 열성경련, 그 순간 해야 할 것  → 2026-10-20 20:30
[2026-10-06 14:35:00] · 대기: 제왕절개 후 회복, 첫 일주일 순서  → 2026-10-21 20:30
[2026-10-06 14:35:00] · 대기: 편식 시작됐을 때 안 통하는 방법  → 2026-10-22 20:30
[2026-10-06 14:35:00] · 대기: 18개월 엄마껌딱지 (재접근기)  → 2026-10-06 20:30
[2026-10-06 14:35:00] 발행 대상 없음
인증: 로컬 설정 파일 사용
[2026-10-06 14:40:00] · 대기: 로션 바르는 타이밍 — 목욕 후 3분  → 2026-10-07 20:30
[2026-10-06 14:40:00] · 대기: 아이 실비보험 가입 시기  → 2026-10-08 20:30
[2026-10-06 14:40:00] · 대기: 초유가 안 나와도 괜찮은 이유  → 2026-10-09 20:30
[2026-10-06 14:40:00] · 대기: 침대에서 떨어졌을 때 관찰할 것  → 2026-10-10 20:30
[2026-10-06 14:40:00] · 대기: 진통 시작 신호와 병원 가는 타이밍  → 2026-10-11 20:30
[2026-10-06 14:40:00] · 대기: 신생아 체중이 안 늘 때 볼 것  → 2026-10-12 20:30
[2026-10-06 14:40:00] · 대기: 컵 연습 언제 시작하나요  → 2026-10-14 20:30
[2026-10-06 14:40:00] · 대기: 배꼽 소독 언제까지 하나요  → 2026-10-13 20:30
[2026-10-06 14:40:00] · 대기: 목욕 중 사고, 이 순간을 조심  → 2026-10-15 20:30
[2026-10-06 14:40:00] · 대기: “오늘 뭐 했어?”  → 2026-10-16 20:30
[2026-10-06 14:40:00] · 대기: 예방접종 증명서 발급받는 법  → 2026-10-17 20:30
[2026-10-06 14:40:00] · 대기: 아기 눈곱이 계속 낄 때  → 2026-10-18 20:30
[2026-10-06 14:40:00] · 대기: 아기 첫 신발 고르는 기준  → 2026-10-19 20:30
[2026-10-06 14:40:00] · 대기: 아기 열성경련, 그 순간 해야 할 것  → 2026-10-20 20:30
[2026-10-06 14:40:00] · 대기: 제왕절개 후 회복, 첫 일주일 순서  → 2026-10-21 20:30
[2026-10-06 14:40:00] · 대기: 편식 시작됐을 때 안 통하는 방법  → 2026-10-22 20:30
[2026-10-06 14:40:00] · 대기: 18개월 엄마껌딱지 (재접근기)  → 2026-10-06 20:30
[2026-10-06 14:40:00] 발행 대상 없음
인증: 로컬 설정 파일 사용
[2026-10-06 14:45:00] · 대기: 로션 바르는 타이밍 — 목욕 후 3분  → 2026-10-07 20:30
[2026-10-06 14:45:00] · 대기: 아이 실비보험 가입 시기  → 2026-10-08 20:30
[2026-10-06 14:45:00] · 대기: 초유가 안 나와도 괜찮은 이유  → 2026-10-09 20:30
[2026-10-06 14:45:00] · 대기: 침대에서 떨어졌을 때 관찰할 것  → 2026-10-10 20:30
[2026-10-06 14:45:00] · 대기: 진통 시작 신호와 병원 가는 타이밍  → 2026-10-11 20:30
[2026-10-06 14:45:00] · 대기: 신생아 체중이 안 늘 때 볼 것  → 2026-10-12 20:30
[2026-10-06 14:45:00] · 대기: 컵 연습 언제 시작하나요  → 2026-10-14 20:30
[2026-10-06 14:45:00] · 대기: 배꼽 소독 언제까지 하나요  → 2026-10-13 20:30
[2026-10-06 14:45:00] · 대기: 목욕 중 사고, 이 순간을 조심  → 2026-10-15 20:30
[2026-10-06 14:45:00] · 대기: “오늘 뭐 했어?”  → 2026-10-16 20:30
[2026-10-06 14:45:00] · 대기: 예방접종 증명서 발급받는 법  → 2026-10-17 20:30
[2026-10-06 14:45:00] · 대기: 아기 눈곱이 계속 낄 때  → 2026-10-18 20:30
[2026-10-06 14:45:00] · 대기: 아기 첫 신발 고르는 기준  → 2026-10-19 20:30
[2026-10-06 14:45:00] · 대기: 아기 열성경련, 그 순간 해야 할 것  → 2026-10-20 20:30
[2026-10-06 14:45:00] · 대기: 제왕절개 후 회복, 첫 일주일 순서  → 2026-10-21 20:30
[2026-10-06 14:45:00] · 대기: 편식 시작됐을 때 안 통하는 방법  → 2026-10-22 20:30
[2026-10-06 14:45:00] · 대기: 18개월 엄마껌딱지 (재접근기)  → 2026-10-06 20:30
[2026-10-06 14:45:00] 발행 대상 없음
인증: 로컬 설정 파일 사용
[2026-10-06 14:50:00] · 대기: 로션 바르는 타이밍 — 목욕 후 3분  → 2026-10-07 20:30
[2026-10-06 14:50:00] · 대기: 아이 실비보험 가입 시기  → 2026-10-08 20:30
[2026-10-06 14:50:00] · 대기: 초유가 안 나와도 괜찮은 이유  → 2026-10-09 20:30
[2026-10-06 14:50:00] · 대기: 침대에서 떨어졌을 때 관찰할 것  → 2026-10-10 20:30
[2026-10-06 14:50:00] · 대기: 진통 시작 신호와 병원 가는 타이밍  → 2026-10-11 20:30
[2026-10-06 14:50:00] · 대기: 신생아 체중이 안 늘 때 볼 것  → 2026-10-12 20:30
[2026-10-06 14:50:00] · 대기: 컵 연습 언제 시작하나요  → 2026-10-14 20:30
[2026-10-06 14:50:00] · 대기: 배꼽 소독 언제까지 하나요  → 2026-10-13 20:30
[2026-10-06 14:50:00] · 대기: 목욕 중 사고, 이 순간을 조심  → 2026-10-15 20:30
[2026-10-06 14:50:00] · 대기: “오늘 뭐 했어?”  → 2026-10-16 20:30
[2026-10-06 14:50:00] · 대기: 예방접종 증명서 발급받는 법  → 2026-10-17 20:30
[2026-10-06 14:50:00] · 대기: 아기 눈곱이 계속 낄 때  → 2026-10-18 20:30
[2026-10-06 14:50:00] · 대기: 아기 첫 신발 고르는 기준  → 2026-10-19 20:30
[2026-10-06 14:50:00] · 대기: 아기 열성경련, 그 순간 해야 할 것  → 2026-10-20 20:30
[2026-10-06 14:50:00] · 대기: 제왕절개 후 회복, 첫 일주일 순서  → 2026-10-21 20:30
[2026-10-06 14:50:00] · 대기: 편식 시작됐을 때 안 통하는 방법  → 2026-10-22 20:30
[2026-10-06 14:50:00] · 대기: 18개월 엄마껌딱지 (재접근기)  → 2026-10-06 20:30
[2026-10-06 14:50:00] 발행 대상 없음
인증: 로컬 설정 파일 사용
[2026-10-06 14:55:00] · 대기: 로션 바르는 타이밍 — 목욕 후 3분  → 2026-10-07 20:30
[2026-10-06 14:55:00] · 대기: 아이 실비보험 가입 시기  → 2026-10-08 20:30
[2026-10-06 14:55:00] · 대기: 초유가 안 나와도 괜찮은 이유  → 2026-10-09 20:30
[2026-10-06 14:55:00] · 대기: 침대에서 떨어졌을 때 관찰할 것  → 2026-10-10 20:30
[2026-10-06 14:55:00] · 대기: 진통 시작 신호와 병원 가는 타이밍  → 2026-10-11 20:30
[2026-10-06 14:55:00] · 대기: 신생아 체중이 안 늘 때 볼 것  → 2026-10-12 20:30
[2026-10-06 14:55:00] · 대기: 컵 연습 언제 시작하나요  → 2026-10-14 20:30
[2026-10-06 14:55:00] · 대기: 배꼽 소독 언제까지 하나요  → 2026-10-13 20:30
[2026-10-06 14:55:00] · 대기: 목욕 중 사고, 이 순간을 조심  → 2026-10-15 20:30
[2026-10-06 14:55:00] · 대기: “오늘 뭐 했어?”  → 2026-10-16 20:30
[2026-10-06 14:55:00] · 대기: 예방접종 증명서 발급받는 법  → 2026-10-17 20:30
[2026-10-06 14:55:00] · 대기: 아기 눈곱이 계속 낄 때  → 2026-10-18 20:30
[2026-10-06 14:55:00] · 대기: 아기 첫 신발 고르는 기준  → 2026-10-19 20:30
[2026-10-06 14:55:00] · 대기: 아기 열성경련, 그 순간 해야 할 것  → 2026-10-20 20:30
[2026-10-06 14:55:00] · 대기: 제왕절개 후 회복, 첫 일주일 순서  → 2026-10-21 20:30
[2026-10-06 14:55:00] · 대기: 편식 시작됐을 때 안 통하는 방법  → 2026-10-22 20:30
[2026-10-06 14:55:00] · 대기: 18개월 엄마껌딱지 (재접근기)  → 2026-10-06 20:30
[2026-10-06 14:55:00] 발행 대상 없음
인증: 로컬 설정 파일 사용
[2026-10-06 15:00:00] · 대기: 로션 바르는 타이밍 — 목욕 후 3분  → 2026-10-07 20:30
[2026-10-06 15:00:00] · 대기: 아이 실비보험 가입 시기  → 2026-10-08 20:30
[2026-10-06 15:00:00] · 대기: 초유가 안 나와도 괜찮은 이유  → 2026-10-09 20:30
[2026-10-06 15:00:00] · 대기: 침대에서 떨어졌을 때 관찰할 것  → 2026-10-10 20:30
[2026-10-06 15:00:00] · 대기: 진통 시작 신호와 병원 가는 타이밍  → 2026-10-11 20:30
[2026-10-06 15:00:00] · 대기: 신생아 체중이 안 늘 때 볼 것  → 2026-10-12 20:30
[2026-10-06 15:00:00] · 대기: 컵 연습 언제 시작하나요  → 2026-10-14 20:30
[2026-10-06 15:00:00] · 대기: 배꼽 소독 언제까지 하나요  → 2026-10-13 20:30
[2026-10-06 15:00:00] · 대기: 목욕 중 사고, 이 순간을 조심  → 2026-10-15 20:30
[2026-10-06 15:00:00] · 대기: “오늘 뭐 했어?”  → 2026-10-16 20:30
[2026-10-06 15:00:00] · 대기: 예방접종 증명서 발급받는 법  → 2026-10-17 20:30
[2026-10-06 15:00:00] · 대기: 아기 눈곱이 계속 낄 때  → 2026-10-18 20:30
[2026-10-06 15:00:00] · 대기: 아기 첫 신발 고르는 기준  → 2026-10-19 20:30
[2026-10-06 15:00:00] · 대기: 아기 열성경련, 그 순간 해야 할 것  → 2026-10-20 20:30
[2026-10-06 15:00:00] · 대기: 제왕절개 후 회복, 첫 일주일 순서  → 2026-10-21 20:30
[2026-10-06 15:00:00] · 대기: 편식 시작됐을 때 안 통하는 방법  → 2026-10-22 20:30
[2026-10-06 15:00:00] · 대기: 18개월 엄마껌딱지 (재접근기)  → 2026-10-06 20:30
[2026-10-06 15:00:00] 발행 대상 없음
인증: 로컬 설정 파일 사용
[2026-10-06 15:05:00] · 대기: 로션 바르는 타이밍 — 목욕 후 3분  → 2026-10-07 20:30
[2026-10-06 15:05:00] · 대기: 아이 실비보험 가입 시기  → 2026-10-08 20:30
[2026-10-06 15:05:00] · 대기: 초유가 안 나와도 괜찮은 이유  → 2026-10-09 20:30
[2026-10-06 15:05:00] · 대기: 침대에서 떨어졌을 때 관찰할 것  → 2026-10-10 20:30
[2026-10-06 15:05:00] · 대기: 진통 시작 신호와 병원 가는 타이밍  → 2026-10-11 20:30
[2026-10-06 15:05:00] · 대기: 신생아 체중이 안 늘 때 볼 것  → 2026-10-12 20:30
[2026-10-06 15:05:00] · 대기: 컵 연습 언제 시작하나요  → 2026-10-14 20:30
[2026-10-06 15:05:00] · 대기: 배꼽 소독 언제까지 하나요  → 2026-10-13 20:30
[2026-10-06 15:05:00] · 대기: 목욕 중 사고, 이 순간을 조심  → 2026-10-15 20:30
[2026-10-06 15:05:00] · 대기: “오늘 뭐 했어?”  → 2026-10-16 20:30
[2026-10-06 15:05:00] · 대기: 예방접종 증명서 발급받는 법  → 2026-10-17 20:30
[2026-10-06 15:05:00] · 대기: 아기 눈곱이 계속 낄 때  → 2026-10-18 20:30
[2026-10-06 15:05:00] · 대기: 아기 첫 신발 고르는 기준  → 2026-10-19 20:30
[2026-10-06 15:05:00] · 대기: 아기 열성경련, 그 순간 해야 할 것  → 2026-10-20 20:30
[2026-10-06 15:05:00] · 대기: 제왕절개 후 회복, 첫 일주일 순서  → 2026-10-21 20:30
[2026-10-06 15:05:00] · 대기: 편식 시작됐을 때 안 통하는 방법  → 2026-10-22 20:30
[2026-10-06 15:05:00] · 대기: 18개월 엄마껌딱지 (재접근기)  → 2026-10-06 20:30
[2026-10-06 15:05:00] 발행 대상 없음
인증: 로컬 설정 파일 사용
[2026-10-06 15:10:00] · 대기: 로션 바르는 타이밍 — 목욕 후 3분  → 2026-10-07 20:30
[2026-10-06 15:10:00] · 대기: 아이 실비보험 가입 시기  → 2026-10-08 20:30
[2026-10-06 15:10:00] · 대기: 초유가 안 나와도 괜찮은 이유  → 2026-10-09 20:30
[2026-10-06 15:10:00] · 대기: 침대에서 떨어졌을 때 관찰할 것  → 2026-10-10 20:30
[2026-10-06 15:10:00] · 대기: 진통 시작 신호와 병원 가는 타이밍  → 2026-10-11 20:30
[2026-10-06 15:10:00] · 대기: 신생아 체중이 안 늘 때 볼 것  → 2026-10-12 20:30
[2026-10-06 15:10:00] · 대기: 컵 연습 언제 시작하나요  → 2026-10-14 20:30
[2026-10-06 15:10:00] · 대기: 배꼽 소독 언제까지 하나요  → 2026-10-13 20:30
[2026-10-06 15:10:00] · 대기: 목욕 중 사고, 이 순간을 조심  → 2026-10-15 20:30
[2026-10-06 15:10:00] · 대기: “오늘 뭐 했어?”  → 2026-10-16 20:30
[2026-10-06 15:10:00] · 대기: 예방접종 증명서 발급받는 법  → 2026-10-17 20:30
[2026-10-06 15:10:00] · 대기: 아기 눈곱이 계속 낄 때  → 2026-10-18 20:30
[2026-10-06 15:10:00] · 대기: 아기 첫 신발 고르는 기준  → 2026-10-19 20:30
[2026-10-06 15:10:00] · 대기: 아기 열성경련, 그 순간 해야 할 것  → 2026-10-20 20:30
[2026-10-06 15:10:00] · 대기: 제왕절개 후 회복, 첫 일주일 순서  → 2026-10-21 20:30
[2026-10-06 15:10:00] · 대기: 편식 시작됐을 때 안 통하는 방법  → 2026-10-22 20:30
[2026-10-06 15:10:00] · 대기: 18개월 엄마껌딱지 (재접근기)  → 2026-10-06 20:30
[2026-10-06 15:10:00] 발행 대상 없음
인증: 로컬 설정 파일 사용
[2026-10-06 15:15:05] · 대기: 로션 바르는 타이밍 — 목욕 후 3분  → 2026-10-07 20:30
[2026-10-06 15:15:05] · 대기: 아이 실비보험 가입 시기  → 2026-10-08 20:30
[2026-10-06 15:15:05] · 대기: 초유가 안 나와도 괜찮은 이유  → 2026-10-09 20:30
[2026-10-06 15:15:05] · 대기: 침대에서 떨어졌을 때 관찰할 것  → 2026-10-10 20:30
[2026-10-06 15:15:05] · 대기: 진통 시작 신호와 병원 가는 타이밍  → 2026-10-11 20:30
[2026-10-06 15:15:05] · 대기: 신생아 체중이 안 늘 때 볼 것  → 2026-10-12 20:30
[2026-10-06 15:15:05] · 대기: 컵 연습 언제 시작하나요  → 2026-10-14 20:30
[2026-10-06 15:15:05] · 대기: 배꼽 소독 언제까지 하나요  → 2026-10-13 20:30
[2026-10-06 15:15:05] · 대기: 목욕 중 사고, 이 순간을 조심  → 2026-10-15 20:30
[2026-10-06 15:15:05] · 대기: “오늘 뭐 했어?”  → 2026-10-16 20:30
[2026-10-06 15:15:05] · 대기: 예방접종 증명서 발급받는 법  → 2026-10-17 20:30
[2026-10-06 15:15:05] · 대기: 아기 눈곱이 계속 낄 때  → 2026-10-18 20:30
[2026-10-06 15:15:05] · 대기: 아기 첫 신발 고르는 기준  → 2026-10-19 20:30
[2026-10-06 15:15:05] · 대기: 아기 열성경련, 그 순간 해야 할 것  → 2026-10-20 20:30
[2026-10-06 15:15:05] · 대기: 제왕절개 후 회복, 첫 일주일 순서  → 2026-10-21 20:30
[2026-10-06 15:15:05] · 대기: 편식 시작됐을 때 안 통하는 방법  → 2026-10-22 20:30
[2026-10-06 15:15:05] · 대기: 18개월 엄마껌딱지 (재접근기)  → 2026-10-06 20:30
[2026-10-06 15:15:05] 발행 대상 없음
인증: 로컬 설정 파일 사용
[2026-10-06 15:20:00] 발행 대상 없음
인증: 로컬 설정 파일 사용
[2026-10-06 15:25:00] 발행 대상 없음
인증: 로컬 설정 파일 사용
[2026-10-06 15:30:00] 발행 대상 없음
인증: 로컬 설정 파일 사용
[2026-10-06 15:35:00] 발행 대상 없음
인증: 로컬 설정 파일 사용
[2026-10-06 15:40:00] 발행 대상 없음
인증: 로컬 설정 파일 사용
[2026-10-06 15:45:00] 발행 대상 없음
인증: 로컬 설정 파일 사용
[2026-10-06 15:50:00] 발행 대상 없음
인증: 로컬 설정 파일 사용
[2026-10-06 15:55:00] 발행 대상 없음
인증: 로컬 설정 파일 사용
[2026-10-06 16:00:00] 발행 대상 없음
인증: 로컬 설정 파일 사용
[2026-10-06 16:05:00] 발행 대상 없음
인증: 로컬 설정 파일 사용
[2026-10-06 16:10:00] 발행 대상 없음
인증: 로컬 설정 파일 사용
[2026-10-06 16:15:00] 발행 대상 없음
인증: 로컬 설정 파일 사용
[2026-10-06 16:20:00] 발행 대상 없음
인증: 로컬 설정 파일 사용
[2026-10-06 16:25:00] 발행 대상 없음
인증: 로컬 설정 파일 사용
[2026-10-06 16:30:00] 발행 대상 없음
인증: 로컬 설정 파일 사용
[2026-10-06 16:35:00] 발행 대상 없음
인증: 로컬 설정 파일 사용
[2026-10-06 16:40:00] 발행 대상 없음
인증: 로컬 설정 파일 사용
[2026-10-06 16:45:00] 발행 대상 없음
인증: 로컬 설정 파일 사용
[2026-10-06 16:50:00] 발행 대상 없음
인증: 로컬 설정 파일 사용
[2026-10-06 16:55:00] 발행 대상 없음
인증: 로컬 설정 파일 사용
[2026-10-06 17:00:00] 발행 대상 없음
인증: 로컬 설정 파일 사용
[2026-10-06 17:05:00] 발행 대상 없음
인증: 로컬 설정 파일 사용
[2026-10-06 17:10:00] 발행 대상 없음
인증: 로컬 설정 파일 사용
[2026-10-06 17:15:00] 발행 대상 없음
인증: 로컬 설정 파일 사용
[2026-10-06 17:20:00] 발행 대상 없음
인증: 로컬 설정 파일 사용
[2026-10-06 17:25:00] 발행 대상 없음
인증: 로컬 설정 파일 사용
[2026-10-06 17:30:00] 발행 대상 없음
인증: 로컬 설정 파일 사용
[2026-10-06 17:35:00] 발행 대상 없음
인증: 로컬 설정 파일 사용
[2026-10-06 17:40:00] 발행 대상 없음
인증: 로컬 설정 파일 사용
[2026-10-06 17:45:00] 발행 대상 없음
[2026-10-07 08:32:43] 소재 12건 — 충분함 (기준 12)
인증: 로컬 설정 파일 사용
[2026-10-07 08:32:43] 발행 대상 없음
인증: 로컬 설정 파일 사용
계정   : @voar_baby
팔로워 : 7  (팔로잉 25)
게시물 : 38
30일 도달 : 41
평균 저장 : 0
   - 2026-10-05 저장 0 · 도달 1 · 좋아요 0
   - 2026-10-03 저장 0 · 도달 3 · 좋아요 0
   - 2026-10-02 저장 0 · 도달 1 · 좋아요 1
   - 2026-09-30 저장 0 · 도달 1 · 좋아요 0
   - 2026-09-29 저장 0 · 도달 2 · 좋아요 0
   - 2026-09-28 저장 0 · 도달 2 · 좋아요 0
   - 2026-09-27 저장 0 · 도달 2 · 좋아요 0
   - 2026-09-26 저장 0 · 도달 3 · 좋아요 0
   - 2026-09-25 저장 0 · 도달 2 · 좋아요 0
   - 2026-09-24 저장 0 · 도달 3 · 좋아요 0

대시보드에 반영 완료.
인증: 로컬 설정 파일 사용
[2026-10-07 08:35:00] 발행 대상 없음
인증: 로컬 설정 파일 사용
[2026-10-07 08:40:00] 발행 대상 없음
인증: 로컬 설정 파일 사용
[2026-10-07 08:45:00] 발행 대상 없음
인증: 로컬 설정 파일 사용
[2026-10-07 08:50:00] 발행 대상 없음
인증: 로컬 설정 파일 사용
[2026-10-07 08:55:00] 발행 대상 없음
인증: 로컬 설정 파일 사용
[2026-10-07 09:00:00] 발행 대상 없음
[2026-10-07 09:00:01] 소재 12건 — 충분함 (기준 12)
인증: 로컬 설정 파일 사용
[2026-10-07 09:05:00] 발행 대상 없음
인증: 로컬 설정 파일 사용
[2026-10-07 09:10:00] 발행 대상 없음
인증: 로컬 설정 파일 사용
[2026-10-07 09:15:00] 발행 대상 없음
인증: 로컬 설정 파일 사용
[2026-10-07 09:20:00] 발행 대상 없음
인증: 로컬 설정 파일 사용
[2026-10-07 09:25:00] 발행 대상 없음
인증: 로컬 설정 파일 사용
[2026-10-07 09:30:00] 발행 대상 없음
인증: 로컬 설정 파일 사용
[2026-10-07 09:35:00] 발행 대상 없음
인증: 로컬 설정 파일 사용
[2026-10-07 09:40:00] 발행 대상 없음
인증: 로컬 설정 파일 사용
[2026-10-07 09:45:00] 발행 대상 없음
인증: 로컬 설정 파일 사용
[2026-10-07 09:50:00] 발행 대상 없음
인증: 로컬 설정 파일 사용
[2026-10-07 09:55:00] 발행 대상 없음
인증: 로컬 설정 파일 사용
[2026-10-07 10:00:00] 발행 대상 없음
인증: 로컬 설정 파일 사용
[2026-10-07 10:05:00] 발행 대상 없음
인증: 로컬 설정 파일 사용
[2026-10-07 10:10:00] 발행 대상 없음
인증: 로컬 설정 파일 사용
[2026-10-07 10:15:00] 발행 대상 없음
인증: 로컬 설정 파일 사용
[2026-10-07 10:20:00] 발행 대상 없음
인증: 로컬 설정 파일 사용
[2026-10-07 10:25:00] 발행 대상 없음
인증: 로컬 설정 파일 사용
[2026-10-07 10:30:00] 발행 대상 없음
인증: 로컬 설정 파일 사용
[2026-10-07 10:35:00] 발행 대상 없음
인증: 로컬 설정 파일 사용
[2026-10-07 10:40:00] 발행 대상 없음
인증: 로컬 설정 파일 사용
[2026-10-07 10:45:01] 발행 대상 없음
인증: 로컬 설정 파일 사용
[2026-10-07 10:50:00] 발행 대상 없음
인증: 로컬 설정 파일 사용
[2026-10-07 10:55:00] 발행 대상 없음
인증: 로컬 설정 파일 사용
[2026-10-07 11:00:00] 발행 대상 없음
인증: 로컬 설정 파일 사용
[2026-10-07 11:05:00] 발행 대상 없음
인증: 로컬 설정 파일 사용
[2026-10-07 11:10:01] 발행 대상 없음
인증: 로컬 설정 파일 사용
[2026-10-07 11:15:00] 발행 대상 없음
인증: 로컬 설정 파일 사용
[2026-10-07 11:20:01] 발행 대상 없음
인증: 로컬 설정 파일 사용
[2026-10-07 11:25:01] 발행 대상 없음
인증: 로컬 설정 파일 사용
[2026-10-07 11:30:01] 발행 대상 없음
인증: 로컬 설정 파일 사용
[2026-10-07 11:35:01] 발행 대상 없음
인증: 로컬 설정 파일 사용
[2026-10-07 11:40:01] 발행 대상 없음
인증: 로컬 설정 파일 사용
[2026-10-07 12:15:21] 발행 대상 없음
인증: 로컬 설정 파일 사용
[2026-10-07 12:20:00] 발행 대상 없음
인증: 로컬 설정 파일 사용
[2026-10-07 12:25:00] 발행 대상 없음
인증: 로컬 설정 파일 사용
[2026-10-07 12:30:00] 발행 대상 없음
인증: 로컬 설정 파일 사용
[2026-10-07 12:35:00] 발행 대상 없음
인증: 로컬 설정 파일 사용
[2026-10-07 12:40:00] 발행 대상 없음
인증: 로컬 설정 파일 사용
[2026-10-07 13:31:21] 발행 대상 없음
인증: 로컬 설정 파일 사용
계정   : @voar_baby
팔로워 : 8  (팔로잉 25)
게시물 : 38
30일 도달 : 41
평균 저장 : 0
   - 2026-10-05 저장 0 · 도달 1 · 좋아요 0
   - 2026-10-03 저장 0 · 도달 3 · 좋아요 0
   - 2026-10-02 저장 0 · 도달 1 · 좋아요 1
   - 2026-09-30 저장 0 · 도달 1 · 좋아요 0
   - 2026-09-29 저장 0 · 도달 2 · 좋아요 0
   - 2026-09-28 저장 0 · 도달 2 · 좋아요 0
   - 2026-09-27 저장 0 · 도달 2 · 좋아요 0
   - 2026-09-26 저장 0 · 도달 3 · 좋아요 0
   - 2026-09-25 저장 0 · 도달 2 · 좋아요 0
   - 2026-09-24 저장 0 · 도달 3 · 좋아요 0

대시보드에 반영 완료.
인증: 로컬 설정 파일 사용
[2026-10-07 13:35:00] 발행 대상 없음
인증: 로컬 설정 파일 사용
[2026-10-07 13:40:00] 발행 대상 없음
인증: 로컬 설정 파일 사용
[2026-10-07 13:45:00] 발행 대상 없음
인증: 로컬 설정 파일 사용
[2026-10-07 13:50:00] 발행 대상 없음
인증: 로컬 설정 파일 사용
[2026-10-07 13:55:00] 발행 대상 없음
인증: 로컬 설정 파일 사용
[2026-10-07 14:00:00] 발행 대상 없음
인증: 로컬 설정 파일 사용
[2026-10-07 14:05:00] 발행 대상 없음
인증: 로컬 설정 파일 사용
[2026-10-07 14:10:00] 발행 대상 없음
인증: 로컬 설정 파일 사용
[2026-10-07 14:15:00] 발행 대상 없음
인증: 로컬 설정 파일 사용
[2026-10-07 14:20:00] 발행 대상 없음
인증: 로컬 설정 파일 사용
[2026-10-07 14:25:00] 발행 대상 없음
인증: 로컬 설정 파일 사용
[2026-10-07 14:30:00] 발행 대상 없음
인증: 로컬 설정 파일 사용
[2026-10-07 14:35:00] 발행 대상 없음
인증: 로컬 설정 파일 사용
[2026-10-07 14:40:00] 발행 대상 없음
인증: 로컬 설정 파일 사용
[2026-10-07 14:45:01] 발행 대상 없음
인증: 로컬 설정 파일 사용
[2026-10-07 14:50:00] 발행 대상 없음
인증: 로컬 설정 파일 사용
[2026-10-07 14:55:00] 발행 대상 없음
인증: 로컬 설정 파일 사용
[2026-10-07 15:00:00] 발행 대상 없음
인증: 로컬 설정 파일 사용
[2026-10-07 15:05:00] 발행 대상 없음
인증: 로컬 설정 파일 사용
[2026-10-07 15:10:00] · 대기: 로션 바르는 타이밍 — 목욕 후 3분  → 2026-10-07 20:30
[2026-10-07 15:10:00] · 대기: 아이 실비보험 가입 시기  → 2026-10-08 20:30
[2026-10-07 15:10:00] · 대기: 초유가 안 나와도 괜찮은 이유  → 2026-10-09 20:30
[2026-10-07 15:10:00] · 대기: 침대에서 떨어졌을 때 관찰할 것  → 2026-10-10 20:30
[2026-10-07 15:10:00] · 대기: 진통 시작 신호와 병원 가는 타이밍  → 2026-10-11 20:30
[2026-10-07 15:10:00] · 대기: 신생아 체중이 안 늘 때 볼 것  → 2026-10-12 20:30
[2026-10-07 15:10:00] · 대기: 컵 연습 언제 시작하나요  → 2026-10-14 20:30
[2026-10-07 15:10:00] · 대기: 배꼽 소독 언제까지 하나요  → 2026-10-13 20:30
[2026-10-07 15:10:00] · 대기: 목욕 중 사고, 이 순간을 조심  → 2026-10-15 20:30
[2026-10-07 15:10:00] · 대기: “오늘 뭐 했어?”  → 2026-10-16 20:30
[2026-10-07 15:10:00] · 대기: 예방접종 증명서 발급받는 법  → 2026-10-17 20:30
[2026-10-07 15:10:00] · 대기: 아기 눈곱이 계속 낄 때  → 2026-10-18 20:30
[2026-10-07 15:10:00] · 대기: 아기 첫 신발 고르는 기준  → 2026-10-19 20:30
[2026-10-07 15:10:00] · 대기: 아기 열성경련, 그 순간 해야 할 것  → 2026-10-20 20:30
[2026-10-07 15:10:00] · 대기: 제왕절개 후 회복, 첫 일주일 순서  → 2026-10-21 20:30
[2026-10-07 15:10:00] · 대기: 편식 시작됐을 때 안 통하는 방법  → 2026-10-22 20:30
[2026-10-07 15:10:00] 발행 대상 없음
인증: 로컬 설정 파일 사용
[2026-10-07 15:15:01] 발행 대상 없음
인증: 로컬 설정 파일 사용
[2026-10-07 15:20:00] 발행 대상 없음
인증: 로컬 설정 파일 사용
[2026-10-07 15:25:00] 발행 대상 없음
인증: 로컬 설정 파일 사용
[2026-10-07 15:30:00] 발행 대상 없음
인증: 로컬 설정 파일 사용
[2026-10-07 15:35:00] 발행 대상 없음
인증: 로컬 설정 파일 사용
[2026-10-07 15:40:00] 발행 대상 없음
인증: 로컬 설정 파일 사용
[2026-10-07 15:45:00] 발행 대상 없음
인증: 로컬 설정 파일 사용
[2026-10-07 15:50:00] 발행 대상 없음
인증: 로컬 설정 파일 사용
[2026-10-07 15:55:01] 발행 대상 없음
인증: 로컬 설정 파일 사용
[2026-10-07 16:00:00] 발행 대상 없음
인증: 로컬 설정 파일 사용
[2026-10-07 16:05:00] 발행 대상 없음
인증: 로컬 설정 파일 사용
[2026-10-07 16:10:01] 발행 대상 없음
인증: 로컬 설정 파일 사용
[2026-10-07 16:15:01] 발행 대상 없음
인증: 로컬 설정 파일 사용
[2026-10-07 16:20:01] 발행 대상 없음
인증: 로컬 설정 파일 사용
[2026-10-07 16:25:01] 발행 대상 없음
인증: 로컬 설정 파일 사용
[2026-10-07 16:30:01] 발행 대상 없음
인증: 로컬 설정 파일 사용
[2026-10-07 16:35:01] 발행 대상 없음
인증: 로컬 설정 파일 사용
[2026-10-07 16:40:01] 발행 대상 없음
인증: 로컬 설정 파일 사용
[2026-10-07 16:45:01] 발행 대상 없음
인증: 로컬 설정 파일 사용
[2026-10-07 16:50:01] 발행 대상 없음
인증: 로컬 설정 파일 사용
[2026-10-07 16:55:01] 발행 대상 없음
인증: 로컬 설정 파일 사용
[2026-10-07 17:00:01] 발행 대상 없음
인증: 로컬 설정 파일 사용
[2026-10-07 17:05:01] 발행 대상 없음
인증: 로컬 설정 파일 사용
[2026-10-07 17:10:01] 발행 대상 없음
인증: 로컬 설정 파일 사용
[2026-10-07 17:15:01] 발행 대상 없음
인증: 로컬 설정 파일 사용
[2026-10-07 17:20:01] 발행 대상 없음
인증: 로컬 설정 파일 사용
[2026-10-07 17:25:01] 발행 대상 없음
인증: 로컬 설정 파일 사용
[2026-10-07 17:30:01] 발행 대상 없음
인증: 로컬 설정 파일 사용
[2026-10-07 17:35:01] 발행 대상 없음
인증: 로컬 설정 파일 사용
[2026-10-07 17:40:01] 발행 대상 없음
[2026-10-08 08:29:53] 소재 12건 — 충분함 (기준 12)
인증: 로컬 설정 파일 사용
[2026-10-08 08:29:53] 발행 대상 없음
인증: 로컬 설정 파일 사용
[2026-10-08 08:30:00] 발행 대상 없음
인증: 로컬 설정 파일 사용
계정   : @voar_baby
팔로워 : 8  (팔로잉 25)
게시물 : 38
30일 도달 : 41
평균 저장 : 0
   - 2026-10-05 저장 0 · 도달 4 · 좋아요 0
   - 2026-10-03 저장 0 · 도달 4 · 좋아요 0
   - 2026-10-02 저장 0 · 도달 3 · 좋아요 2
   - 2026-09-30 저장 0 · 도달 1 · 좋아요 0
   - 2026-09-29 저장 0 · 도달 3 · 좋아요 0
   - 2026-09-28 저장 0 · 도달 2 · 좋아요 0
   - 2026-09-27 저장 0 · 도달 2 · 좋아요 0
   - 2026-09-26 저장 0 · 도달 3 · 좋아요 0
   - 2026-09-25 저장 0 · 도달 2 · 좋아요 0
   - 2026-09-24 저장 0 · 도달 3 · 좋아요 0

대시보드에 반영 완료.
인증: 로컬 설정 파일 사용
[2026-10-08 08:35:04] 발행 대상 없음
인증: 로컬 설정 파일 사용
[2026-10-08 08:40:01] 발행 대상 없음
인증: 로컬 설정 파일 사용
[2026-10-08 08:45:01] 발행 대상 없음
인증: 로컬 설정 파일 사용
[2026-10-08 08:50:00] 발행 대상 없음
인증: 로컬 설정 파일 사용
[2026-10-08 08:55:00] 발행 대상 없음
Traceback (most recent call last):
  File "C:\Users\OA\AppData\Local\Programs\Python\Python312\Lib\urllib\request.py", line 1344, in do_open
인증: 로컬 설정 파일 사용
[2026-10-08 09:00:11] 실행 실패: <urlopen error [Errno 11001] getaddrinfo failed>
    h.request(req.get_method(), req.selector, req.data, headers,
  File "C:\Users\OA\AppData\Local\Programs\Python\Python312\Lib\http\client.py", line 1338, in request
    self._send_request(method, url, body, headers, encode_chunked)
  File "C:\Users\OA\AppData\Local\Programs\Python\Python312\Lib\http\client.py", line 1384, in _send_request
    self.endheaders(body, encode_chunked=encode_chunked)
  File "C:\Users\OA\AppData\Local\Programs\Python\Python312\Lib\http\client.py", line 1333, in endheaders
    self._send_output(message_body, encode_chunked=encode_chunked)
  File "C:\Users\OA\AppData\Local\Programs\Python\Python312\Lib\http\client.py", line 1093, in _send_output
    self.send(msg)
  File "C:\Users\OA\AppData\Local\Programs\Python\Python312\Lib\http\client.py", line 1037, in send
    self.connect()
  File "C:\Users\OA\AppData\Local\Programs\Python\Python312\Lib\http\client.py", line 1472, in connect
    super().connect()
  File "C:\Users\OA\AppData\Local\Programs\Python\Python312\Lib\http\client.py", line 1003, in connect
    self.sock = self._create_connection(
                ^^^^^^^^^^^^^^^^^^^^^^^^
  File "C:\Users\OA\AppData\Local\Programs\Python\Python312\Lib\socket.py", line 841, in create_connection
    for res in getaddrinfo(host, port, 0, SOCK_STREAM):
               ^^^^^^^^^^^^^^^^^^^^^^^^^^^^^^^^^^^^^^^
  File "C:\Users\OA\AppData\Local\Programs\Python\Python312\Lib\socket.py", line 978, in getaddrinfo
    for res in _socket.getaddrinfo(host, port, family, type, proto, flags):
               ^^^^^^^^^^^^^^^^^^^^^^^^^^^^^^^^^^^^^^^^^^^^^^^^^^^^^^^^^^^
socket.gaierror: [Errno 11001] getaddrinfo failed

During handling of the above exception, another exception occurred:

Traceback (most recent call last):
  File "C:\Users\OA\claude-test\온라인영업\대시보드\_idea_feed.py", line 267, in <module>
    main()
  File "C:\Users\OA\claude-test\온라인영업\대시보드\_idea_feed.py", line 212, in main
    d = pull()
        ^^^^^^
  File "C:\Users\OA\claude-test\온라인영업\대시보드\_idea_feed.py", line 181, in pull
    return json.load(urllib.request.urlopen(req, timeout=30))[0]['data']
                     ^^^^^^^^^^^^^^^^^^^^^^^^^^^^^^^^^^^^^^^
  File "C:\Users\OA\AppData\Local\Programs\Python\Python312\Lib\urllib\request.py", line 215, in urlopen
    return opener.open(url, data, timeout)
           ^^^^^^^^^^^^^^^^^^^^^^^^^^^^^^^
  File "C:\Users\OA\AppData\Local\Programs\Python\Python312\Lib\urllib\request.py", line 515, in open
    response = self._open(req, data)
               ^^^^^^^^^^^^^^^^^^^^^
  File "C:\Users\OA\AppData\Local\Programs\Python\Python312\Lib\urllib\request.py", line 532, in _open
    result = self._call_chain(self.handle_open, protocol, protocol +
             ^^^^^^^^^^^^^^^^^^^^^^^^^^^^^^^^^^^^^^^^^^^^^^^^^^^^^^^
  File "C:\Users\OA\AppData\Local\Programs\Python\Python312\Lib\urllib\request.py", line 492, in _call_chain
    result = func(*args)
             ^^^^^^^^^^^
  File "C:\Users\OA\AppData\Local\Programs\Python\Python312\Lib\urllib\request.py", line 1392, in https_open
    return self.do_open(http.client.HTTPSConnection, req,
           ^^^^^^^^^^^^^^^^^^^^^^^^^^^^^^^^^^^^^^^^^^^^^^
  File "C:\Users\OA\AppData\Local\Programs\Python\Python312\Lib\urllib\request.py", line 1347, in do_open
    raise URLError(err)
urllib.error.URLError: <urlopen error [Errno 11001] getaddrinfo failed>
인증: 로컬 설정 파일 사용
[2026-10-08 09:05:00] 발행 대상 없음
인증: 로컬 설정 파일 사용
[2026-10-08 09:10:00] 발행 대상 없음
인증: 로컬 설정 파일 사용
[2026-10-08 09:15:11] 발행 대상 없음
